event_date,event_timestamp,event_name,event_params.key,event_params.value.string_value,event_params.value.int_value,event_params.value.float_value,event_params.value.double_value,event_previous_timestamp,event_value_in_usd,event_bundle_sequence_id,event_server_timestamp_offset,user_id,user_pseudo_id,privacy_info.analytics_storage,privacy_info.ads_storage,privacy_info.uses_transient_token,user_properties.key,user_properties.value.string_value,user_properties.value.int_value,user_properties.value.float_value,user_properties.value.double_value,user_properties.value.set_timestamp_micros,user_first_touch_timestamp,user_ltv.revenue,user_ltv.currency,device.category,device.mobile_brand_name,device.mobile_model_name,device.mobile_marketing_name,device.mobile_os_hardware_model,device.operating_system,device.operating_system_version,device.vendor_id,device.advertising_id,device.language,device.is_limited_ad_tracking,device.time_zone_offset_seconds,device.web_info.browser,device.web_info.browser_version,geo.continent,geo.sub_continent,geo.country,geo.region,geo.city,geo.metro,app_info.id,app_info.version,app_info.install_store,app_info.firebase_app_id,app_info.install_source,traffic_source.medium,traffic_source.name,traffic_source.source,stream_id,platform,event_dimensions.hostname,ecommerce.total_item_quantity,ecommerce.purchase_revenue_in_usd,ecommerce.purchase_revenue,ecommerce.refund_value_in_usd,ecommerce.refund_value,ecommerce.shipping_value_in_usd,ecommerce.shipping_value,ecommerce.tax_value_in_usd,ecommerce.tax_value,ecommerce.unique_items,ecommerce.transaction_id,items.item_id,items.item_name,items.item_brand,items.item_variant,items.item_category,items.item_category2,items.item_category3,items.item_category4,items.item_category5,items.price_in_usd,items.price,items.quantity,items.item_revenue_in_usd,items.item_revenue,items.item_refund_in_usd,items.item_refund,items.coupon,items.affiliation,items.location_id,items.item_list_id,items.item_list_name,items.item_list_index,items.promotion_id,items.promotion_name,items.creative_name,items.creative_slot
20210121,1.61121E+15,page_view,engagement_time_msec,,13,,,,,-307340413,,,1605951.6059719724,,,No,,,,,,,1.61121E+15,0,USD,mobile,Apple,<Other>,<Other>,,iOS,<Other>,,,en-us,No,,Safari,<Other>,Asia,Western Asia,Qatar,Doha,Doha,(not set),,,,,,(none),(direct),(direct),2100450278,WEB,,,,,,,,,,,,,,,,,,,,,,,,,,,,,,,,,,,,,,
,,,debug_mode,,1,,,,,,,,,,,,,,,,,,,,,,,,,,,,,,,,,,,,,,,,,,,,,,,,,,,,,,,,,,,,,,,,,,,,,,,,,,,,,,,,,,,,,,,,
,,,ga_session_number,,1,,,,,,,,,,,,,,,,,,,,,,,,,,,,,,,,,,,,,,,,,,,,,,,,,,,,,,,,,,,,,,,,,,,,,,,,,,,,,,,,,,,,,,,,
,,,page_referrer,,,,,,,,,,,,,,,,,,,,,,,,,,,,,,,,,,,,,,,,,,,,,,,,,,,,,,,,,,,,,,,,,,,,,,,,,,,,,,,,,,,,,,,,,,
,,,page_location,https://www.googlemerchandisestore.com/,,,,,,,,,,,,,,,,,,,,,,,,,,,,,,,,,,,,,,,,,,,,,,,,,,,,,,,,,,,,,,,,,,,,,,,,,,,,,,,,,,,,,,,,,
,,,ga_session_id,,2725571477,,,,,,,,,,,,,,,,,,,,,,,,,,,,,,,,,,,,,,,,,,,,,,,,,,,,,,,,,,,,,,,,,,,,,,,,,,,,,,,,,,,,,,,,
,,,session_engaged,1,,,,,,,,,,,,,,,,,,,,,,,,,,,,,,,,,,,,,,,,,,,,,,,,,,,,,,,,,,,,,,,,,,,,,,,,,,,,,,,,,,,,,,,,,
,,,engaged_session_event,,1,,,,,,,,,,,,,,,,,,,,,,,,,,,,,,,,,,,,,,,,,,,,,,,,,,,,,,,,,,,,,,,,,,,,,,,,,,,,,,,,,,,,,,,,
,,,page_title,Google Online Store,,,,,,,,,,,,,,,,,,,,,,,,,,,,,,,,,,,,,,,,,,,,,,,,,,,,,,,,,,,,,,,,,,,,,,,,,,,,,,,,,,,,,,,,,
20210121,1.61121E+15,page_view,page_referrer,,,,,,,-311704457,,,1605951.6059719724,,,No,,,,,,,1.61121E+15,0,USD,mobile,Apple,<Other>,<Other>,,iOS,<Other>,,,en-us,No,,Safari,<Other>,Asia,Western Asia,Qatar,Doha,Doha,(not set),,,,,,(none),(direct),(direct),2100450278,WEB,,,,,,,,,,,,,,,,,,,,,,,,,,,,,,,,,,,,,,
,,,clean_event,gtm.js,,,,,,,,,,,,,,,,,,,,,,,,,,,,,,,,,,,,,,,,,,,,,,,,,,,,,,,,,,,,,,,,,,,,,,,,,,,,,,,,,,,,,,,,,
,,,all_data,,,,,,,,,,,,,,,,,,,,,,,,,,,,,,,,,,,,,,,,,,,,,,,,,,,,,,,,,,,,,,,,,,,,,,,,,,,,,,,,,,,,,,,,,,
,,,entrances,,1,,,,,,,,,,,,,,,,,,,,,,,,,,,,,,,,,,,,,,,,,,,,,,,,,,,,,,,,,,,,,,,,,,,,,,,,,,,,,,,,,,,,,,,,
,,,session_engaged,0,,,,,,,,,,,,,,,,,,,,,,,,,,,,,,,,,,,,,,,,,,,,,,,,,,,,,,,,,,,,,,,,,,,,,,,,,,,,,,,,,,,,,,,,,
,,,ga_session_id,,2725571477,,,,,,,,,,,,,,,,,,,,,,,,,,,,,,,,,,,,,,,,,,,,,,,,,,,,,,,,,,,,,,,,,,,,,,,,,,,,,,,,,,,,,,,,
,,,page_title,Google Online Store,,,,,,,,,,,,,,,,,,,,,,,,,,,,,,,,,,,,,,,,,,,,,,,,,,,,,,,,,,,,,,,,,,,,,,,,,,,,,,,,,,,,,,,,,
,,,engaged_session_event,,1,,,,,,,,,,,,,,,,,,,,,,,,,,,,,,,,,,,,,,,,,,,,,,,,,,,,,,,,,,,,,,,,,,,,,,,,,,,,,,,,,,,,,,,,
,,,ga_session_number,,1,,,,,,,,,,,,,,,,,,,,,,,,,,,,,,,,,,,,,,,,,,,,,,,,,,,,,,,,,,,,,,,,,,,,,,,,,,,,,,,,,,,,,,,,
,,,campaign,(direct),,,,,,,,,,,,,,,,,,,,,,,,,,,,,,,,,,,,,,,,,,,,,,,,,,,,,,,,,,,,,,,,,,,,,,,,,,,,,,,,,,,,,,,,,
,,,term,<obfuscated>,,,,,,,,,,,,,,,,,,,,,,,,,,,,,,,,,,,,,,,,,,,,,,,,,,,,,,,,,,,,,,,,,,,,,,,,,,,,,,,,,,,,,,,,,
,,,debug_mode,,1,,,,,,,,,,,,,,,,,,,,,,,,,,,,,,,,,,,,,,,,,,,,,,,,,,,,,,,,,,,,,,,,,,,,,,,,,,,,,,,,,,,,,,,,
,,,source,(direct),,,,,,,,,,,,,,,,,,,,,,,,,,,,,,,,,,,,,,,,,,,,,,,,,,,,,,,,,,,,,,,,,,,,,,,,,,,,,,,,,,,,,,,,,
,,,page_location,https://www.googlemerchandisestore.com/,,,,,,,,,,,,,,,,,,,,,,,,,,,,,,,,,,,,,,,,,,,,,,,,,,,,,,,,,,,,,,,,,,,,,,,,,,,,,,,,,,,,,,,,,
,,,medium,(none),,,,,,,,,,,,,,,,,,,,,,,,,,,,,,,,,,,,,,,,,,,,,,,,,,,,,,,,,,,,,,,,,,,,,,,,,,,,,,,,,,,,,,,,,
20210129,1.61196E+15,view_promotion,ga_session_number,,1,,,,,-6653755973,,,2163283.4364849086,,,No,,,,,,,1.61196E+15,0,USD,desktop,Google,Chrome,<Other>,,Windows,Windows 10,,,,No,,Chrome,87.0,Asia,Western Asia,Qatar,Doha,Doha,(not set),,,,,,(none),(direct),(direct),2100450278,WEB,,,,,,,,,,,1,(not set),(not set),(not set),(not set),(not set),(not set),(not set),(not set),(not set),(not set),,,,,,,,(not set),(not set),(not set),(not set),(not set),Slide 1,(not set),Reach New Heights,Front Page Carousel,(not set)
,,,engagement_time_msec,,46,,,,,,,,,,,,,,,,,,,,,,,,,,,,,,,,,,,,,,,,,,,,,,,,,,,,,,,,,,,,,,,,,,,,,,,,,,,,,,,,,,,,,,,,
,,,page_title,Home,,,,,,,,,,,,,,,,,,,,,,,,,,,,,,,,,,,,,,,,,,,,,,,,,,,,,,,,,,,,,,,,,,,,,,,,,,,,,,,,,,,,,,,,,
,,,engaged_session_event,,1,,,,,,,,,,,,,,,,,,,,,,,,,,,,,,,,,,,,,,,,,,,,,,,,,,,,,,,,,,,,,,,,,,,,,,,,,,,,,,,,,,,,,,,,
,,,debug_mode,,1,,,,,,,,,,,,,,,,,,,,,,,,,,,,,,,,,,,,,,,,,,,,,,,,,,,,,,,,,,,,,,,,,,,,,,,,,,,,,,,,,,,,,,,,
,,,ga_session_id,,9278676056,,,,,,,,,,,,,,,,,,,,,,,,,,,,,,,,,,,,,,,,,,,,,,,,,,,,,,,,,,,,,,,,,,,,,,,,,,,,,,,,,,,,,,,,
,,,page_location,https://shop.googlemerchandisestore.com/,,,,,,,,,,,,,,,,,,,,,,,,,,,,,,,,,,,,,,,,,,,,,,,,,,,,,,,,,,,,,,,,,,,,,,,,,,,,,,,,,,,,,,,,,
,,,session_engaged,1,,,,,,,,,,,,,,,,,,,,,,,,,,,,,,,,,,,,,,,,,,,,,,,,,,,,,,,,,,,,,,,,,,,,,,,,,,,,,,,,,,,,,,,,,
20210103,1.6097E+15,session_start,page_location,https://shop.googlemerchandisestore.com/Google+Redesign/Apparel,,,,,,-6411002457,,,3886972.1560030558,,,No,,,,,,,1.6097E+15,0,USD,desktop,Apple,Safari,<Other>,,Web,<Other>,,,en-us,No,,Safari,<Other>,Asia,Western Asia,Qatar,Doha,Doha,(not set),,,,,,<Other>,<Other>,<Other>,2100450278,WEB,,,,,,,,,,,,,,,,,,,,,,,,,,,,,,,,,,,,,,
,,,ga_session_number,,1,,,,,,,,,,,,,,,,,,,,,,,,,,,,,,,,,,,,,,,,,,,,,,,,,,,,,,,,,,,,,,,,,,,,,,,,,,,,,,,,,,,,,,,,
,,,ga_session_id,,4344470266,,,,,,,,,,,,,,,,,,,,,,,,,,,,,,,,,,,,,,,,,,,,,,,,,,,,,,,,,,,,,,,,,,,,,,,,,,,,,,,,,,,,,,,,
,,,page_title,Apparel | Google Merchandise Store,,,,,,,,,,,,,,,,,,,,,,,,,,,,,,,,,,,,,,,,,,,,,,,,,,,,,,,,,,,,,,,,,,,,,,,,,,,,,,,,,,,,,,,,,
,,,engaged_session_event,,1,,,,,,,,,,,,,,,,,,,,,,,,,,,,,,,,,,,,,,,,,,,,,,,,,,,,,,,,,,,,,,,,,,,,,,,,,,,,,,,,,,,,,,,,
20210113,1.61055E+15,first_visit,page_location,https://shop.googlemerchandisestore.com/Google+Redesign/Apparel,,,,,,1236656593,,,5057241.7508029345,,,No,,,,,,,1.61055E+15,0,USD,mobile,Google,Pixel 3,<Other>,,Android,<Other>,,,en-us,No,,Chrome,87.0,Asia,Western Asia,Qatar,Doha,Doha,(not set),,,,,,organic,(organic),google,2100450278,WEB,,,,,,,,,,,,,,,,,,,,,,,,,,,,,,,,,,,,,,
,,,engaged_session_event,,1,,,,,,,,,,,,,,,,,,,,,,,,,,,,,,,,,,,,,,,,,,,,,,,,,,,,,,,,,,,,,,,,,,,,,,,,,,,,,,,,,,,,,,,,
,,,session_engaged,,1,,,,,,,,,,,,,,,,,,,,,,,,,,,,,,,,,,,,,,,,,,,,,,,,,,,,,,,,,,,,,,,,,,,,,,,,,,,,,,,,,,,,,,,,
,,,page_title,Apparel | Google Merchandise Store,,,,,,,,,,,,,,,,,,,,,,,,,,,,,,,,,,,,,,,,,,,,,,,,,,,,,,,,,,,,,,,,,,,,,,,,,,,,,,,,,,,,,,,,,
,,,page_referrer,,,,,,,,,,,,,,,,,,,,,,,,,,,,,,,,,,,,,,,,,,,,,,,,,,,,,,,,,,,,,,,,,,,,,,,,,,,,,,,,,,,,,,,,,,
,,,ga_session_id,,9009371496,,,,,,,,,,,,,,,,,,,,,,,,,,,,,,,,,,,,,,,,,,,,,,,,,,,,,,,,,,,,,,,,,,,,,,,,,,,,,,,,,,,,,,,,
,,,ga_session_number,,1,,,,,,,,,,,,,,,,,,,,,,,,,,,,,,,,,,,,,,,,,,,,,,,,,,,,,,,,,,,,,,,,,,,,,,,,,,,,,,,,,,,,,,,,
20210117,1.61091E+15,page_view,entrances,,1,,,,,-5200104759,,,6475141.6545877439,,,No,,,,,,,1.61091E+15,0,USD,desktop,Apple,Safari,<Other>,,Web,Intel 10.15,,,es-es,No,,Safari,14.0,Asia,Western Asia,Qatar,Doha,Doha,(not set),,,,,,organic,(organic),google,2100450278,WEB,,,,,,,,,,,,,,,,,,,,,,,,,,,,,,,,,,,,,,
,,,page_location,https://shop.googlemerchandisestore.com/signin.html,,,,,,,,,,,,,,,,,,,,,,,,,,,,,,,,,,,,,,,,,,,,,,,,,,,,,,,,,,,,,,,,,,,,,,,,,,,,,,,,,,,,,,,,,
,,,debug_mode,,1,,,,,,,,,,,,,,,,,,,,,,,,,,,,,,,,,,,,,,,,,,,,,,,,,,,,,,,,,,,,,,,,,,,,,,,,,,,,,,,,,,,,,,,,
,,,engaged_session_event,,1,,,,,,,,,,,,,,,,,,,,,,,,,,,,,,,,,,,,,,,,,,,,,,,,,,,,,,,,,,,,,,,,,,,,,,,,,,,,,,,,,,,,,,,,
,,,ga_session_number,,1,,,,,,,,,,,,,,,,,,,,,,,,,,,,,,,,,,,,,,,,,,,,,,,,,,,,,,,,,,,,,,,,,,,,,,,,,,,,,,,,,,,,,,,,
,,,all_data,,,,,,,,,,,,,,,,,,,,,,,,,,,,,,,,,,,,,,,,,,,,,,,,,,,,,,,,,,,,,,,,,,,,,,,,,,,,,,,,,,,,,,,,,,
,,,ga_session_id,,9627797947,,,,,,,,,,,,,,,,,,,,,,,,,,,,,,,,,,,,,,,,,,,,,,,,,,,,,,,,,,,,,,,,,,,,,,,,,,,,,,,,,,,,,,,,
,,,page_title,The Google Merchandise Store - Log In,,,,,,,,,,,,,,,,,,,,,,,,,,,,,,,,,,,,,,,,,,,,,,,,,,,,,,,,,,,,,,,,,,,,,,,,,,,,,,,,,,,,,,,,,
,,,session_engaged,0,,,,,,,,,,,,,,,,,,,,,,,,,,,,,,,,,,,,,,,,,,,,,,,,,,,,,,,,,,,,,,,,,,,,,,,,,,,,,,,,,,,,,,,,,
,,,clean_event,gtm.js,,,,,,,,,,,,,,,,,,,,,,,,,,,,,,,,,,,,,,,,,,,,,,,,,,,,,,,,,,,,,,,,,,,,,,,,,,,,,,,,,,,,,,,,,
20210116,1.61078E+15,user_engagement,session_engaged,0,,,,,,-2956234537,,,7048148.0095948718,,,No,,,,,,,1.61077E+15,0,USD,desktop,Google,Chrome,<Other>,,Web,10,,,,No,,Chrome,87.0,Asia,Western Asia,Qatar,Doha,Doha,(not set),,,,,,referral,(referral),shop.googlemerchandisestore.com,2100450278,WEB,,,,,,,,,,,,,,,,,,,,,,,,,,,,,,,,,,,,,,
,,,medium,referral,,,,,,,,,,,,,,,,,,,,,,,,,,,,,,,,,,,,,,,,,,,,,,,,,,,,,,,,,,,,,,,,,,,,,,,,,,,,,,,,,,,,,,,,,
,,,debug_mode,,1,,,,,,,,,,,,,,,,,,,,,,,,,,,,,,,,,,,,,,,,,,,,,,,,,,,,,,,,,,,,,,,,,,,,,,,,,,,,,,,,,,,,,,,,
,,,page_location,https://shop.googlemerchandisestore.com/google+redesign/apparel/google+dino+game+tee,,,,,,,,,,,,,,,,,,,,,,,,,,,,,,,,,,,,,,,,,,,,,,,,,,,,,,,,,,,,,,,,,,,,,,,,,,,,,,,,,,,,,,,,,
,,,ga_session_number,,2,,,,,,,,,,,,,,,,,,,,,,,,,,,,,,,,,,,,,,,,,,,,,,,,,,,,,,,,,,,,,,,,,,,,,,,,,,,,,,,,,,,,,,,,
,,,page_title,Page Unavailable,,,,,,,,,,,,,,,,,,,,,,,,,,,,,,,,,,,,,,,,,,,,,,,,,,,,,,,,,,,,,,,,,,,,,,,,,,,,,,,,,,,,,,,,,
,,,source,shop.googlemerchandisestore.com,,,,,,,,,,,,,,,,,,,,,,,,,,,,,,,,,,,,,,,,,,,,,,,,,,,,,,,,,,,,,,,,,,,,,,,,,,,,,,,,,,,,,,,,,
,,,page_referrer,,,,,,,,,,,,,,,,,,,,,,,,,,,,,,,,,,,,,,,,,,,,,,,,,,,,,,,,,,,,,,,,,,,,,,,,,,,,,,,,,,,,,,,,,,
,,,campaign,(referral),,,,,,,,,,,,,,,,,,,,,,,,,,,,,,,,,,,,,,,,,,,,,,,,,,,,,,,,,,,,,,,,,,,,,,,,,,,,,,,,,,,,,,,,,
,,,ga_session_id,,2634310464,,,,,,,,,,,,,,,,,,,,,,,,,,,,,,,,,,,,,,,,,,,,,,,,,,,,,,,,,,,,,,,,,,,,,,,,,,,,,,,,,,,,,,,,
20210131,1.61208E+15,session_start,ga_session_id,,1085011694,,,,,-9705040760,,,11717984.9434838782,,,No,,,,,,,1.61208E+15,0,USD,mobile,Samsung,<Other>,<Other>,,Web,10,,,,No,,Chrome,86.0,Asia,Western Asia,Qatar,Doha,Doha,(not set),,,,,,organic,(organic),google,2100450278,WEB,,,,,,,,,,,,,,,,,,,,,,,,,,,,,,,,,,,,,,
,,,page_location,https://shop.googlemerchandisestore.com/Google+Redesign/Apparel,,,,,,,,,,,,,,,,,,,,,,,,,,,,,,,,,,,,,,,,,,,,,,,,,,,,,,,,,,,,,,,,,,,,,,,,,,,,,,,,,,,,,,,,,
,,,page_referrer,,,,,,,,,,,,,,,,,,,,,,,,,,,,,,,,,,,,,,,,,,,,,,,,,,,,,,,,,,,,,,,,,,,,,,,,,,,,,,,,,,,,,,,,,,
,,,page_title,Apparel | Google Merchandise Store,,,,,,,,,,,,,,,,,,,,,,,,,,,,,,,,,,,,,,,,,,,,,,,,,,,,,,,,,,,,,,,,,,,,,,,,,,,,,,,,,,,,,,,,,
,,,ga_session_number,,1,,,,,,,,,,,,,,,,,,,,,,,,,,,,,,,,,,,,,,,,,,,,,,,,,,,,,,,,,,,,,,,,,,,,,,,,,,,,,,,,,,,,,,,,
,,,engaged_session_event,,1,,,,,,,,,,,,,,,,,,,,,,,,,,,,,,,,,,,,,,,,,,,,,,,,,,,,,,,,,,,,,,,,,,,,,,,,,,,,,,,,,,,,,,,,
20210108,1.61008E+15,view_promotion,session_engaged,1,,,,,,-2904941205,,,30900021.3233786964,,,No,,,,,,,1.60203E+15,0,USD,mobile,<Other>,<Other>,<Other>,,Android,Android 9,,,,No,,Chrome,87.0,Asia,Western Asia,Qatar,Doha,Doha,(not set),,,,,,(none),(direct),(direct),2100450278,WEB,,,,,,,,,,,1,(not set),(not set),(not set),(not set),(not set),(not set),(not set),(not set),(not set),(not set),,,,,,,,(not set),(not set),(not set),(not set),(not set),Slide 1,(not set),Reach New Heights,Front Page Carousel,(not set)
,,,engagement_time_msec,,13,,,,,,,,,,,,,,,,,,,,,,,,,,,,,,,,,,,,,,,,,,,,,,,,,,,,,,,,,,,,,,,,,,,,,,,,,,,,,,,,,,,,,,,,
,,,page_location,https://shop.googlemerchandisestore.com/,,,,,,,,,,,,,,,,,,,,,,,,,,,,,,,,,,,,,,,,,,,,,,,,,,,,,,,,,,,,,,,,,,,,,,,,,,,,,,,,,,,,,,,,,
,,,engaged_session_event,,1,,,,,,,,,,,,,,,,,,,,,,,,,,,,,,,,,,,,,,,,,,,,,,,,,,,,,,,,,,,,,,,,,,,,,,,,,,,,,,,,,,,,,,,,
,,,page_title,Home,,,,,,,,,,,,,,,,,,,,,,,,,,,,,,,,,,,,,,,,,,,,,,,,,,,,,,,,,,,,,,,,,,,,,,,,,,,,,,,,,,,,,,,,,
,,,debug_mode,,1,,,,,,,,,,,,,,,,,,,,,,,,,,,,,,,,,,,,,,,,,,,,,,,,,,,,,,,,,,,,,,,,,,,,,,,,,,,,,,,,,,,,,,,,
,,,ga_session_number,,9,,,,,,,,,,,,,,,,,,,,,,,,,,,,,,,,,,,,,,,,,,,,,,,,,,,,,,,,,,,,,,,,,,,,,,,,,,,,,,,,,,,,,,,,
,,,ga_session_id,,3003908783,,,,,,,,,,,,,,,,,,,,,,,,,,,,,,,,,,,,,,,,,,,,,,,,,,,,,,,,,,,,,,,,,,,,,,,,,,,,,,,,,,,,,,,,
20210128,1.61188E+15,scroll,source,shop.googlemerchandisestore.com,,,,,,-6399212118,,,51332807.2446211883,,,No,,,,,,,1.61188E+15,0,USD,desktop,Google,Chrome,<Other>,,Web,10,,,en-us,No,,Chrome,87.0,Asia,Western Asia,Qatar,Doha,Doha,(not set),,,,,,<Other>,<Other>,<Other>,2100450278,WEB,,,,,,,,,,,,,,,,,,,,,,,,,,,,,,,,,,,,,,
,,,engaged_session_event,,1,,,,,,,,,,,,,,,,,,,,,,,,,,,,,,,,,,,,,,,,,,,,,,,,,,,,,,,,,,,,,,,,,,,,,,,,,,,,,,,,,,,,,,,,
,,,medium,referral,,,,,,,,,,,,,,,,,,,,,,,,,,,,,,,,,,,,,,,,,,,,,,,,,,,,,,,,,,,,,,,,,,,,,,,,,,,,,,,,,,,,,,,,,
,,,page_referrer,https://shop.googlemerchandisestore.com/Google+Redesign/Apparel?,,,,,,,,,,,,,,,,,,,,,,,,,,,,,,,,,,,,,,,,,,,,,,,,,,,,,,,,,,,,,,,,,,,,,,,,,,,,,,,,,,,,,,,,,
,,,ga_session_id,,6465097438,,,,,,,,,,,,,,,,,,,,,,,,,,,,,,,,,,,,,,,,,,,,,,,,,,,,,,,,,,,,,,,,,,,,,,,,,,,,,,,,,,,,,,,,
,,,page_location,https://shop.googlemerchandisestore.com/Google+Redesign/Apparel/Womens,,,,,,,,,,,,,,,,,,,,,,,,,,,,,,,,,,,,,,,,,,,,,,,,,,,,,,,,,,,,,,,,,,,,,,,,,,,,,,,,,,,,,,,,,
,,,page_title,Womens | Apparel | Google Merchandise Store,,,,,,,,,,,,,,,,,,,,,,,,,,,,,,,,,,,,,,,,,,,,,,,,,,,,,,,,,,,,,,,,,,,,,,,,,,,,,,,,,,,,,,,,,
,,,debug_mode,,1,,,,,,,,,,,,,,,,,,,,,,,,,,,,,,,,,,,,,,,,,,,,,,,,,,,,,,,,,,,,,,,,,,,,,,,,,,,,,,,,,,,,,,,,
,,,ga_session_number,,1,,,,,,,,,,,,,,,,,,,,,,,,,,,,,,,,,,,,,,,,,,,,,,,,,,,,,,,,,,,,,,,,,,,,,,,,,,,,,,,,,,,,,,,,
,,,campaign,(referral),,,,,,,,,,,,,,,,,,,,,,,,,,,,,,,,,,,,,,,,,,,,,,,,,,,,,,,,,,,,,,,,,,,,,,,,,,,,,,,,,,,,,,,,,
,,,session_engaged,1,,,,,,,,,,,,,,,,,,,,,,,,,,,,,,,,,,,,,,,,,,,,,,,,,,,,,,,,,,,,,,,,,,,,,,,,,,,,,,,,,,,,,,,,,
,,,percent_scrolled,,90,,,,,,,,,,,,,,,,,,,,,,,,,,,,,,,,,,,,,,,,,,,,,,,,,,,,,,,,,,,,,,,,,,,,,,,,,,,,,,,,,,,,,,,,
,,,engagement_time_msec,,12285,,,,,,,,,,,,,,,,,,,,,,,,,,,,,,,,,,,,,,,,,,,,,,,,,,,,,,,,,,,,,,,,,,,,,,,,,,,,,,,,,,,,,,,,
20210117,1.6109E+15,scroll,ga_session_number,,3,,,,,-2892981018,,,61031472.8710389493,,,No,,,,,,,1.61087E+15,0,USD,desktop,Google,Chrome,<Other>,,Windows,Windows 7,,,,No,,Chrome,87.0,Asia,Western Asia,Qatar,Doha,Doha,(not set),,,,,,(none),(direct),(direct),2100450278,WEB,,,,,,,,,,,,,,,,,,,,,,,,,,,,,,,,,,,,,,
,,,debug_mode,,1,,,,,,,,,,,,,,,,,,,,,,,,,,,,,,,,,,,,,,,,,,,,,,,,,,,,,,,,,,,,,,,,,,,,,,,,,,,,,,,,,,,,,,,,
,,,ga_session_id,,1027719877,,,,,,,,,,,,,,,,,,,,,,,,,,,,,,,,,,,,,,,,,,,,,,,,,,,,,,,,,,,,,,,,,,,,,,,,,,,,,,,,,,,,,,,,
,,,percent_scrolled,,90,,,,,,,,,,,,,,,,,,,,,,,,,,,,,,,,,,,,,,,,,,,,,,,,,,,,,,,,,,,,,,,,,,,,,,,,,,,,,,,,,,,,,,,,
,,,session_engaged,1,,,,,,,,,,,,,,,,,,,,,,,,,,,,,,,,,,,,,,,,,,,,,,,,,,,,,,,,,,,,,,,,,,,,,,,,,,,,,,,,,,,,,,,,,
,,,engagement_time_msec,,21145,,,,,,,,,,,,,,,,,,,,,,,,,,,,,,,,,,,,,,,,,,,,,,,,,,,,,,,,,,,,,,,,,,,,,,,,,,,,,,,,,,,,,,,,
,,,page_location,https://shop.googlemerchandisestore.com/,,,,,,,,,,,,,,,,,,,,,,,,,,,,,,,,,,,,,,,,,,,,,,,,,,,,,,,,,,,,,,,,,,,,,,,,,,,,,,,,,,,,,,,,,
,,,engaged_session_event,,1,,,,,,,,,,,,,,,,,,,,,,,,,,,,,,,,,,,,,,,,,,,,,,,,,,,,,,,,,,,,,,,,,,,,,,,,,,,,,,,,,,,,,,,,
,,,page_title,Home,,,,,,,,,,,,,,,,,,,,,,,,,,,,,,,,,,,,,,,,,,,,,,,,,,,,,,,,,,,,,,,,,,,,,,,,,,,,,,,,,,,,,,,,,
20210117,1.61087E+15,first_visit,page_location,https://shop.googlemerchandisestore.com/,,,,,,7788820090,,,61031472.8710389493,,,No,,,,,,,1.61087E+15,0,USD,desktop,Google,Chrome,<Other>,,Windows,Windows 7,,,,No,,Chrome,87.0,Asia,Western Asia,Qatar,Doha,Doha,(not set),,,,,,organic,(organic),google,2100450278,WEB,,,,,,,,,,,,,,,,,,,,,,,,,,,,,,,,,,,,,,
,,,page_title,Home,,,,,,,,,,,,,,,,,,,,,,,,,,,,,,,,,,,,,,,,,,,,,,,,,,,,,,,,,,,,,,,,,,,,,,,,,,,,,,,,,,,,,,,,,
,,,engaged_session_event,,1,,,,,,,,,,,,,,,,,,,,,,,,,,,,,,,,,,,,,,,,,,,,,,,,,,,,,,,,,,,,,,,,,,,,,,,,,,,,,,,,,,,,,,,,
,,,session_engaged,,1,,,,,,,,,,,,,,,,,,,,,,,,,,,,,,,,,,,,,,,,,,,,,,,,,,,,,,,,,,,,,,,,,,,,,,,,,,,,,,,,,,,,,,,,
,,,ga_session_id,,6832949273,,,,,,,,,,,,,,,,,,,,,,,,,,,,,,,,,,,,,,,,,,,,,,,,,,,,,,,,,,,,,,,,,,,,,,,,,,,,,,,,,,,,,,,,
,,,ga_session_number,,1,,,,,,,,,,,,,,,,,,,,,,,,,,,,,,,,,,,,,,,,,,,,,,,,,,,,,,,,,,,,,,,,,,,,,,,,,,,,,,,,,,,,,,,,
20210117,1.61087E+15,scroll,page_location,https://shop.googlemerchandisestore.com/Google+Redesign/Stationery,,,,,,8772829560,,,61031472.8710389493,,,No,,,,,,,1.61087E+15,0,USD,desktop,Google,Chrome,<Other>,,Windows,Windows 7,,,,No,,Chrome,87.0,Asia,Western Asia,Qatar,Doha,Doha,(not set),,,,,,(data deleted),(data deleted),(data deleted),2100450278,WEB,,,,,,,,,,,,,,,,,,,,,,,,,,,,,,,,,,,,,,
,,,engagement_time_msec,,19564,,,,,,,,,,,,,,,,,,,,,,,,,,,,,,,,,,,,,,,,,,,,,,,,,,,,,,,,,,,,,,,,,,,,,,,,,,,,,,,,,,,,,,,,
,,,engaged_session_event,,1,,,,,,,,,,,,,,,,,,,,,,,,,,,,,,,,,,,,,,,,,,,,,,,,,,,,,,,,,,,,,,,,,,,,,,,,,,,,,,,,,,,,,,,,
,,,percent_scrolled,,90,,,,,,,,,,,,,,,,,,,,,,,,,,,,,,,,,,,,,,,,,,,,,,,,,,,,,,,,,,,,,,,,,,,,,,,,,,,,,,,,,,,,,,,,
,,,page_title,Stationery | Google Merchandise Store,,,,,,,,,,,,,,,,,,,,,,,,,,,,,,,,,,,,,,,,,,,,,,,,,,,,,,,,,,,,,,,,,,,,,,,,,,,,,,,,,,,,,,,,,
,,,ga_session_id,,4609872843,,,,,,,,,,,,,,,,,,,,,,,,,,,,,,,,,,,,,,,,,,,,,,,,,,,,,,,,,,,,,,,,,,,,,,,,,,,,,,,,,,,,,,,,
,,,page_referrer,https://shop.googlemerchandisestore.com/Google+Redesign/Lifestyle?,,,,,,,,,,,,,,,,,,,,,,,,,,,,,,,,,,,,,,,,,,,,,,,,,,,,,,,,,,,,,,,,,,,,,,,,,,,,,,,,,,,,,,,,,
,,,ga_session_number,,2,,,,,,,,,,,,,,,,,,,,,,,,,,,,,,,,,,,,,,,,,,,,,,,,,,,,,,,,,,,,,,,,,,,,,,,,,,,,,,,,,,,,,,,,
,,,debug_mode,,1,,,,,,,,,,,,,,,,,,,,,,,,,,,,,,,,,,,,,,,,,,,,,,,,,,,,,,,,,,,,,,,,,,,,,,,,,,,,,,,,,,,,,,,,
,,,session_engaged,1,,,,,,,,,,,,,,,,,,,,,,,,,,,,,,,,,,,,,,,,,,,,,,,,,,,,,,,,,,,,,,,,,,,,,,,,,,,,,,,,,,,,,,,,,
20210117,1.6109E+15,view_promotion,debug_mode,,1,,,,,6686383341,,,61031472.8710389493,,,No,,,,,,,1.61087E+15,0,USD,desktop,Google,Chrome,<Other>,,Windows,Windows 7,,,,No,,Chrome,87.0,Asia,Western Asia,Qatar,Doha,Doha,(not set),,,,,,(none),(direct),(direct),2100450278,WEB,,,,,,,,,,,1,(not set),(not set),(not set),(not set),(not set),(not set),(not set),(not set),(not set),(not set),,,,,,,,(not set),(not set),(not set),(not set),(not set),Slide 1,(not set),Reach New Heights,Front Page Carousel,(not set)
,,,page_title,Home,,,,,,,,,,,,,,,,,,,,,,,,,,,,,,,,,,,,,,,,,,,,,,,,,,,,,,,,,,,,,,,,,,,,,,,,,,,,,,,,,,,,,,,,,
,,,ga_session_number,,3,,,,,,,,,,,,,,,,,,,,,,,,,,,,,,,,,,,,,,,,,,,,,,,,,,,,,,,,,,,,,,,,,,,,,,,,,,,,,,,,,,,,,,,,
,,,session_engaged,1,,,,,,,,,,,,,,,,,,,,,,,,,,,,,,,,,,,,,,,,,,,,,,,,,,,,,,,,,,,,,,,,,,,,,,,,,,,,,,,,,,,,,,,,,
,,,ga_session_id,,1027719877,,,,,,,,,,,,,,,,,,,,,,,,,,,,,,,,,,,,,,,,,,,,,,,,,,,,,,,,,,,,,,,,,,,,,,,,,,,,,,,,,,,,,,,,
,,,engagement_time_msec,,72,,,,,,,,,,,,,,,,,,,,,,,,,,,,,,,,,,,,,,,,,,,,,,,,,,,,,,,,,,,,,,,,,,,,,,,,,,,,,,,,,,,,,,,,
,,,page_location,https://shop.googlemerchandisestore.com/,,,,,,,,,,,,,,,,,,,,,,,,,,,,,,,,,,,,,,,,,,,,,,,,,,,,,,,,,,,,,,,,,,,,,,,,,,,,,,,,,,,,,,,,,
,,,engaged_session_event,,1,,,,,,,,,,,,,,,,,,,,,,,,,,,,,,,,,,,,,,,,,,,,,,,,,,,,,,,,,,,,,,,,,,,,,,,,,,,,,,,,,,,,,,,,
20210117,1.61091E+15,first_visit,engaged_session_event,,1,,,,,8371356105,,,73168181.2551636516,,,No,,,,,,,1.61091E+15,0,USD,desktop,Apple,Safari,<Other>,,Macintosh,Macintosh Intel 10.15,,,en-us,No,,Safari,14.0,Asia,Western Asia,Qatar,Doha,Doha,(not set),,,,,,organic,(organic),google,2100450278,WEB,,,,,,,,,,,,,,,,,,,,,,,,,,,,,,,,,,,,,,
,,,ga_session_id,,9604048120,,,,,,,,,,,,,,,,,,,,,,,,,,,,,,,,,,,,,,,,,,,,,,,,,,,,,,,,,,,,,,,,,,,,,,,,,,,,,,,,,,,,,,,,
,,,page_title,Home,,,,,,,,,,,,,,,,,,,,,,,,,,,,,,,,,,,,,,,,,,,,,,,,,,,,,,,,,,,,,,,,,,,,,,,,,,,,,,,,,,,,,,,,,
,,,page_location,https://shop.googlemerchandisestore.com/store.html,,,,,,,,,,,,,,,,,,,,,,,,,,,,,,,,,,,,,,,,,,,,,,,,,,,,,,,,,,,,,,,,,,,,,,,,,,,,,,,,,,,,,,,,,
,,,session_engaged,,1,,,,,,,,,,,,,,,,,,,,,,,,,,,,,,,,,,,,,,,,,,,,,,,,,,,,,,,,,,,,,,,,,,,,,,,,,,,,,,,,,,,,,,,,
,,,ga_session_number,,1,,,,,,,,,,,,,,,,,,,,,,,,,,,,,,,,,,,,,,,,,,,,,,,,,,,,,,,,,,,,,,,,,,,,,,,,,,,,,,,,,,,,,,,,
20210117,1.61091E+15,session_start,ga_session_number,,1,,,,,8371356105,,,73168181.2551636516,,,No,,,,,,,1.61091E+15,0,USD,desktop,Apple,Safari,<Other>,,Macintosh,Macintosh Intel 10.15,,,en-us,No,,Safari,14.0,Asia,Western Asia,Qatar,Doha,Doha,(not set),,,,,,organic,(organic),google,2100450278,WEB,,,,,,,,,,,,,,,,,,,,,,,,,,,,,,,,,,,,,,
,,,ga_session_id,,9604048120,,,,,,,,,,,,,,,,,,,,,,,,,,,,,,,,,,,,,,,,,,,,,,,,,,,,,,,,,,,,,,,,,,,,,,,,,,,,,,,,,,,,,,,,
,,,page_location,https://shop.googlemerchandisestore.com/store.html,,,,,,,,,,,,,,,,,,,,,,,,,,,,,,,,,,,,,,,,,,,,,,,,,,,,,,,,,,,,,,,,,,,,,,,,,,,,,,,,,,,,,,,,,
,,,engaged_session_event,,1,,,,,,,,,,,,,,,,,,,,,,,,,,,,,,,,,,,,,,,,,,,,,,,,,,,,,,,,,,,,,,,,,,,,,,,,,,,,,,,,,,,,,,,,
,,,page_title,Home,,,,,,,,,,,,,,,,,,,,,,,,,,,,,,,,,,,,,,,,,,,,,,,,,,,,,,,,,,,,,,,,,,,,,,,,,,,,,,,,,,,,,,,,,
20210112,1.61049E+15,page_view,engaged_session_event,,1,,,,,-3249182755,,,78087117.2563336476,,,No,,,,,,,1.61049E+15,0,USD,mobile,<Other>,<Other>,<Other>,,Android,<Other>,,,,No,,Chrome,<Other>,Asia,Western Asia,Qatar,Doha,Doha,(not set),,,,,,organic,(organic),google,2100450278,WEB,,,,,,,,,,,,,,,,,,,,,,,,,,,,,,,,,,,,,,
,,,page_title,Google Chrome Dino Light Up Water Bottle,,,,,,,,,,,,,,,,,,,,,,,,,,,,,,,,,,,,,,,,,,,,,,,,,,,,,,,,,,,,,,,,,,,,,,,,,,,,,,,,,,,,,,,,,
,,,page_referrer,,,,,,,,,,,,,,,,,,,,,,,,,,,,,,,,,,,,,,,,,,,,,,,,,,,,,,,,,,,,,,,,,,,,,,,,,,,,,,,,,,,,,,,,,,
,,,page_location,https://shop.googlemerchandisestore.com/Google+Redesign/Google+Chrome+Dino+Light+Up+Water+Bottle,,,,,,,,,,,,,,,,,,,,,,,,,,,,,,,,,,,,,,,,,,,,,,,,,,,,,,,,,,,,,,,,,,,,,,,,,,,,,,,,,,,,,,,,,
,,,all_data,,,,,,,,,,,,,,,,,,,,,,,,,,,,,,,,,,,,,,,,,,,,,,,,,,,,,,,,,,,,,,,,,,,,,,,,,,,,,,,,,,,,,,,,,,
,,,debug_mode,,1,,,,,,,,,,,,,,,,,,,,,,,,,,,,,,,,,,,,,,,,,,,,,,,,,,,,,,,,,,,,,,,,,,,,,,,,,,,,,,,,,,,,,,,,
,,,session_engaged,1,,,,,,,,,,,,,,,,,,,,,,,,,,,,,,,,,,,,,,,,,,,,,,,,,,,,,,,,,,,,,,,,,,,,,,,,,,,,,,,,,,,,,,,,,
,,,clean_event,gtm.js,,,,,,,,,,,,,,,,,,,,,,,,,,,,,,,,,,,,,,,,,,,,,,,,,,,,,,,,,,,,,,,,,,,,,,,,,,,,,,,,,,,,,,,,,
,,,ga_session_number,,1,,,,,,,,,,,,,,,,,,,,,,,,,,,,,,,,,,,,,,,,,,,,,,,,,,,,,,,,,,,,,,,,,,,,,,,,,,,,,,,,,,,,,,,,
,,,ga_session_id,,2556756031,,,,,,,,,,,,,,,,,,,,,,,,,,,,,,,,,,,,,,,,,,,,,,,,,,,,,,,,,,,,,,,,,,,,,,,,,,,,,,,,,,,,,,,,
20210112,1.61049E+15,scroll,page_location,https://shop.googlemerchandisestore.com/Google+Redesign/Lifestyle/Drinkware,,,,,,8291792353,,,78087117.2563336476,,,No,,,,,,,1.61049E+15,0,USD,mobile,<Other>,<Other>,<Other>,,Android,<Other>,,,,No,,Chrome,<Other>,Asia,Western Asia,Qatar,Doha,Doha,(not set),,,,,,organic,(organic),google,2100450278,WEB,,,,,,,,,,,,,,,,,,,,,,,,,,,,,,,,,,,,,,
,,,percent_scrolled,,90,,,,,,,,,,,,,,,,,,,,,,,,,,,,,,,,,,,,,,,,,,,,,,,,,,,,,,,,,,,,,,,,,,,,,,,,,,,,,,,,,,,,,,,,
,,,debug_mode,,1,,,,,,,,,,,,,,,,,,,,,,,,,,,,,,,,,,,,,,,,,,,,,,,,,,,,,,,,,,,,,,,,,,,,,,,,,,,,,,,,,,,,,,,,
,,,session_engaged,1,,,,,,,,,,,,,,,,,,,,,,,,,,,,,,,,,,,,,,,,,,,,,,,,,,,,,,,,,,,,,,,,,,,,,,,,,,,,,,,,,,,,,,,,,
,,,engaged_session_event,,1,,,,,,,,,,,,,,,,,,,,,,,,,,,,,,,,,,,,,,,,,,,,,,,,,,,,,,,,,,,,,,,,,,,,,,,,,,,,,,,,,,,,,,,,
,,,medium,organic,,,,,,,,,,,,,,,,,,,,,,,,,,,,,,,,,,,,,,,,,,,,,,,,,,,,,,,,,,,,,,,,,,,,,,,,,,,,,,,,,,,,,,,,,
,,,source,google,,,,,,,,,,,,,,,,,,,,,,,,,,,,,,,,,,,,,,,,,,,,,,,,,,,,,,,,,,,,,,,,,,,,,,,,,,,,,,,,,,,,,,,,,
,,,ga_session_number,,1,,,,,,,,,,,,,,,,,,,,,,,,,,,,,,,,,,,,,,,,,,,,,,,,,,,,,,,,,,,,,,,,,,,,,,,,,,,,,,,,,,,,,,,,
,,,engagement_time_msec,,23100,,,,,,,,,,,,,,,,,,,,,,,,,,,,,,,,,,,,,,,,,,,,,,,,,,,,,,,,,,,,,,,,,,,,,,,,,,,,,,,,,,,,,,,,
,,,page_referrer,https://shop.googlemerchandisestore.com/Google+Redesign/Shop+by+Brand/Google?,,,,,,,,,,,,,,,,,,,,,,,,,,,,,,,,,,,,,,,,,,,,,,,,,,,,,,,,,,,,,,,,,,,,,,,,,,,,,,,,,,,,,,,,,
,,,campaign,(organic),,,,,,,,,,,,,,,,,,,,,,,,,,,,,,,,,,,,,,,,,,,,,,,,,,,,,,,,,,,,,,,,,,,,,,,,,,,,,,,,,,,,,,,,,
,,,page_title,Drinkware | Lifestyle | Google Merchandise Store,,,,,,,,,,,,,,,,,,,,,,,,,,,,,,,,,,,,,,,,,,,,,,,,,,,,,,,,,,,,,,,,,,,,,,,,,,,,,,,,,,,,,,,,,
,,,ga_session_id,,2556756031,,,,,,,,,,,,,,,,,,,,,,,,,,,,,,,,,,,,,,,,,,,,,,,,,,,,,,,,,,,,,,,,,,,,,,,,,,,,,,,,,,,,,,,,
20210126,1.6117E+15,page_view,ga_session_id,,7808177356,,,,,9448114128,,,1009676.4905193951,,,No,,,,,,,1.60998E+15,0,USD,desktop,Google,Chrome,<Other>,,Web,<Other>,,,en-us,No,,Chrome,87.0,Americas,Northern America,United States,Iowa,Des Moines,(not set),,,,,,referral,(referral),shop.googlemerchandisestore.com,2100450278,WEB,,,,,,,,,,,,,,,,,,,,,,,,,,,,,,,,,,,,,,
,,,engaged_session_event,,1,,,,,,,,,,,,,,,,,,,,,,,,,,,,,,,,,,,,,,,,,,,,,,,,,,,,,,,,,,,,,,,,,,,,,,,,,,,,,,,,,,,,,,,,
,,,debug_mode,,1,,,,,,,,,,,,,,,,,,,,,,,,,,,,,,,,,,,,,,,,,,,,,,,,,,,,,,,,,,,,,,,,,,,,,,,,,,,,,,,,,,,,,,,,
,,,page_referrer,,,,,,,,,,,,,,,,,,,,,,,,,,,,,,,,,,,,,,,,,,,,,,,,,,,,,,,,,,,,,,,,,,,,,,,,,,,,,,,,,,,,,,,,,,
,,,engagement_time_msec,,5,,,,,,,,,,,,,,,,,,,,,,,,,,,,,,,,,,,,,,,,,,,,,,,,,,,,,,,,,,,,,,,,,,,,,,,,,,,,,,,,,,,,,,,,
,,,page_location,https://shop.googlemerchandisestore.com/Google+Redesign/Bags,,,,,,,,,,,,,,,,,,,,,,,,,,,,,,,,,,,,,,,,,,,,,,,,,,,,,,,,,,,,,,,,,,,,,,,,,,,,,,,,,,,,,,,,,
,,,session_engaged,1,,,,,,,,,,,,,,,,,,,,,,,,,,,,,,,,,,,,,,,,,,,,,,,,,,,,,,,,,,,,,,,,,,,,,,,,,,,,,,,,,,,,,,,,,
,,,page_title,Page Unavailable,,,,,,,,,,,,,,,,,,,,,,,,,,,,,,,,,,,,,,,,,,,,,,,,,,,,,,,,,,,,,,,,,,,,,,,,,,,,,,,,,,,,,,,,,
,,,ga_session_number,,2,,,,,,,,,,,,,,,,,,,,,,,,,,,,,,,,,,,,,,,,,,,,,,,,,,,,,,,,,,,,,,,,,,,,,,,,,,,,,,,,,,,,,,,,
20210126,1.6117E+15,user_engagement,engagement_time_msec,,1622,,,,,1548952687,,,1009676.4905193951,,,No,,,,,,,1.60998E+15,0,USD,desktop,Google,Chrome,<Other>,,Web,<Other>,,,en-us,No,,Chrome,87.0,Americas,Northern America,United States,Iowa,Des Moines,(not set),,,,,,referral,(referral),shop.googlemerchandisestore.com,2100450278,WEB,,,,,,,,,,,,,,,,,,,,,,,,,,,,,,,,,,,,,,
,,,ga_session_id,,7808177356,,,,,,,,,,,,,,,,,,,,,,,,,,,,,,,,,,,,,,,,,,,,,,,,,,,,,,,,,,,,,,,,,,,,,,,,,,,,,,,,,,,,,,,,
,,,debug_mode,,1,,,,,,,,,,,,,,,,,,,,,,,,,,,,,,,,,,,,,,,,,,,,,,,,,,,,,,,,,,,,,,,,,,,,,,,,,,,,,,,,,,,,,,,,
,,,page_referrer,,,,,,,,,,,,,,,,,,,,,,,,,,,,,,,,,,,,,,,,,,,,,,,,,,,,,,,,,,,,,,,,,,,,,,,,,,,,,,,,,,,,,,,,,,
,,,engaged_session_event,,1,,,,,,,,,,,,,,,,,,,,,,,,,,,,,,,,,,,,,,,,,,,,,,,,,,,,,,,,,,,,,,,,,,,,,,,,,,,,,,,,,,,,,,,,
,,,page_title,Page Unavailable,,,,,,,,,,,,,,,,,,,,,,,,,,,,,,,,,,,,,,,,,,,,,,,,,,,,,,,,,,,,,,,,,,,,,,,,,,,,,,,,,,,,,,,,,
,,,session_engaged,1,,,,,,,,,,,,,,,,,,,,,,,,,,,,,,,,,,,,,,,,,,,,,,,,,,,,,,,,,,,,,,,,,,,,,,,,,,,,,,,,,,,,,,,,,
,,,ga_session_number,,2,,,,,,,,,,,,,,,,,,,,,,,,,,,,,,,,,,,,,,,,,,,,,,,,,,,,,,,,,,,,,,,,,,,,,,,,,,,,,,,,,,,,,,,,
,,,page_location,https://shop.googlemerchandisestore.com/google+redesign/apparel/google+womens+tee+fc+black,,,,,,,,,,,,,,,,,,,,,,,,,,,,,,,,,,,,,,,,,,,,,,,,,,,,,,,,,,,,,,,,,,,,,,,,,,,,,,,,,,,,,,,,,
20210127,1.61171E+15,view_promotion,session_engaged,1,,,,,,3263207752,,,1009676.4905193951,,,No,,,,,,,1.60998E+15,0,USD,desktop,Google,Chrome,<Other>,,Web,<Other>,,,en-us,No,,Chrome,87.0,Americas,Northern America,United States,Iowa,Des Moines,(not set),,,,,,referral,(referral),<Other>,2100450278,WEB,,,,,,,,,,,,(not set),,,,,,,,,,,,,,,,,,,,,,,,,,
,,,engaged_session_event,,1,,,,,,,,,,,,,,,,,,,,,,,,,,,,,,,,,,,,,,,,,,,,,,,,,,,,,,,,,,,,,,,,,,,,,,,,,,,,,,,,,,,,,,,,
,,,engagement_time_msec,,51,,,,,,,,,,,,,,,,,,,,,,,,,,,,,,,,,,,,,,,,,,,,,,,,,,,,,,,,,,,,,,,,,,,,,,,,,,,,,,,,,,,,,,,,
,,,ga_session_number,,3,,,,,,,,,,,,,,,,,,,,,,,,,,,,,,,,,,,,,,,,,,,,,,,,,,,,,,,,,,,,,,,,,,,,,,,,,,,,,,,,,,,,,,,,
,,,debug_mode,,1,,,,,,,,,,,,,,,,,,,,,,,,,,,,,,,,,,,,,,,,,,,,,,,,,,,,,,,,,,,,,,,,,,,,,,,,,,,,,,,,,,,,,,,,
,,,ga_session_id,,571195322,,,,,,,,,,,,,,,,,,,,,,,,,,,,,,,,,,,,,,,,,,,,,,,,,,,,,,,,,,,,,,,,,,,,,,,,,,,,,,,,,,,,,,,,
,,,page_title,Home,,,,,,,,,,,,,,,,,,,,,,,,,,,,,,,,,,,,,,,,,,,,,,,,,,,,,,,,,,,,,,,,,,,,,,,,,,,,,,,,,,,,,,,,,
,,,page_location,https://shop.googlemerchandisestore.com/,,,,,,,,,,,,,,,,,,,,,,,,,,,,,,,,,,,,,,,,,,,,,,,,,,,,,,,,,,,,,,,,,,,,,,,,,,,,,,,,,,,,,,,,,
20210107,1.61005E+15,scroll,engaged_session_event,,1,,,,,-3141672357,,,1172211.4577928962,,,No,,,,,,,1.61005E+15,0,USD,desktop,Google,Chrome,<Other>,,Windows,Windows 10,,,en-us,No,,Chrome,87.0,Americas,Northern America,United States,Iowa,(not set),(not set),,,,,,organic,(organic),google,2100450278,WEB,,,,,,,,,,,,,,,,,,,,,,,,,,,,,,,,,,,,,,
,,,debug_mode,,1,,,,,,,,,,,,,,,,,,,,,,,,,,,,,,,,,,,,,,,,,,,,,,,,,,,,,,,,,,,,,,,,,,,,,,,,,,,,,,,,,,,,,,,,
,,,ga_session_number,,1,,,,,,,,,,,,,,,,,,,,,,,,,,,,,,,,,,,,,,,,,,,,,,,,,,,,,,,,,,,,,,,,,,,,,,,,,,,,,,,,,,,,,,,,
,,,page_referrer,https://shop.googlemerchandisestore.com/register.html?,,,,,,,,,,,,,,,,,,,,,,,,,,,,,,,,,,,,,,,,,,,,,,,,,,,,,,,,,,,,,,,,,,,,,,,,,,,,,,,,,,,,,,,,,
,,,page_location,https://shop.googlemerchandisestore.com/registersuccess.html,,,,,,,,,,,,,,,,,,,,,,,,,,,,,,,,,,,,,,,,,,,,,,,,,,,,,,,,,,,,,,,,,,,,,,,,,,,,,,,,,,,,,,,,,
,,,engagement_time_msec,,237,,,,,,,,,,,,,,,,,,,,,,,,,,,,,,,,,,,,,,,,,,,,,,,,,,,,,,,,,,,,,,,,,,,,,,,,,,,,,,,,,,,,,,,,
,,,session_engaged,1,,,,,,,,,,,,,,,,,,,,,,,,,,,,,,,,,,,,,,,,,,,,,,,,,,,,,,,,,,,,,,,,,,,,,,,,,,,,,,,,,,,,,,,,,
,,,percent_scrolled,,90,,,,,,,,,,,,,,,,,,,,,,,,,,,,,,,,,,,,,,,,,,,,,,,,,,,,,,,,,,,,,,,,,,,,,,,,,,,,,,,,,,,,,,,,
,,,page_title,The Google Merchandise Store - Log In,,,,,,,,,,,,,,,,,,,,,,,,,,,,,,,,,,,,,,,,,,,,,,,,,,,,,,,,,,,,,,,,,,,,,,,,,,,,,,,,,,,,,,,,,
,,,ga_session_id,,5815112154,,,,,,,,,,,,,,,,,,,,,,,,,,,,,,,,,,,,,,,,,,,,,,,,,,,,,,,,,,,,,,,,,,,,,,,,,,,,,,,,,,,,,,,,
20210112,1.61044E+15,scroll,debug_mode,,1,,,,,-8586581006,,,1235093.1800599372,,,No,,,,,,,1.61044E+15,0,USD,desktop,Google,Chrome,<Other>,,Web,<Other>,,,en-us,No,,Chrome,<Other>,Americas,Northern America,United States,Iowa,Cedar Rapids,(not set),,,,,,<Other>,<Other>,<Other>,2100450278,WEB,,,,,,,,,,,,,,,,,,,,,,,,,,,,,,,,,,,,,,
,,,page_location,https://googlemerchandisestore.com/,,,,,,,,,,,,,,,,,,,,,,,,,,,,,,,,,,,,,,,,,,,,,,,,,,,,,,,,,,,,,,,,,,,,,,,,,,,,,,,,,,,,,,,,,
,,,page_title,Google Online Store,,,,,,,,,,,,,,,,,,,,,,,,,,,,,,,,,,,,,,,,,,,,,,,,,,,,,,,,,,,,,,,,,,,,,,,,,,,,,,,,,,,,,,,,,
,,,session_engaged,1,,,,,,,,,,,,,,,,,,,,,,,,,,,,,,,,,,,,,,,,,,,,,,,,,,,,,,,,,,,,,,,,,,,,,,,,,,,,,,,,,,,,,,,,,
,,,page_referrer,,,,,,,,,,,,,,,,,,,,,,,,,,,,,,,,,,,,,,,,,,,,,,,,,,,,,,,,,,,,,,,,,,,,,,,,,,,,,,,,,,,,,,,,,,
,,,engaged_session_event,,1,,,,,,,,,,,,,,,,,,,,,,,,,,,,,,,,,,,,,,,,,,,,,,,,,,,,,,,,,,,,,,,,,,,,,,,,,,,,,,,,,,,,,,,,
,,,percent_scrolled,,90,,,,,,,,,,,,,,,,,,,,,,,,,,,,,,,,,,,,,,,,,,,,,,,,,,,,,,,,,,,,,,,,,,,,,,,,,,,,,,,,,,,,,,,,
,,,ga_session_number,,1,,,,,,,,,,,,,,,,,,,,,,,,,,,,,,,,,,,,,,,,,,,,,,,,,,,,,,,,,,,,,,,,,,,,,,,,,,,,,,,,,,,,,,,,
,,,ga_session_id,,1594094923,,,,,,,,,,,,,,,,,,,,,,,,,,,,,,,,,,,,,,,,,,,,,,,,,,,,,,,,,,,,,,,,,,,,,,,,,,,,,,,,,,,,,,,,
,,,engagement_time_msec,,1373,,,,,,,,,,,,,,,,,,,,,,,,,,,,,,,,,,,,,,,,,,,,,,,,,,,,,,,,,,,,,,,,,,,,,,,,,,,,,,,,,,,,,,,,
20210115,1.6107E+15,scroll,engagement_time_msec,,23930,,,,,-429085143,,,1580194.1306638242,,,No,,,,,,,1.6107E+15,0,USD,mobile,Xiaomi,<Other>,<Other>,,Android,<Other>,,,en-us,No,,Chrome,87.0,Americas,Northern America,United States,Iowa,(not set),(not set),,,,,,organic,(organic),google,2100450278,WEB,,,,,,,,,,,,,,,,,,,,,,,,,,,,,,,,,,,,,,
,,,page_referrer,https://shop.googlemerchandisestore.com/Google+Redesign/Apparel?,,,,,,,,,,,,,,,,,,,,,,,,,,,,,,,,,,,,,,,,,,,,,,,,,,,,,,,,,,,,,,,,,,,,,,,,,,,,,,,,,,,,,,,,,
,,,engaged_session_event,,1,,,,,,,,,,,,,,,,,,,,,,,,,,,,,,,,,,,,,,,,,,,,,,,,,,,,,,,,,,,,,,,,,,,,,,,,,,,,,,,,,,,,,,,,
,,,percent_scrolled,,90,,,,,,,,,,,,,,,,,,,,,,,,,,,,,,,,,,,,,,,,,,,,,,,,,,,,,,,,,,,,,,,,,,,,,,,,,,,,,,,,,,,,,,,,
,,,page_title,Bags | Lifestyle | Google Merchandise Store,,,,,,,,,,,,,,,,,,,,,,,,,,,,,,,,,,,,,,,,,,,,,,,,,,,,,,,,,,,,,,,,,,,,,,,,,,,,,,,,,,,,,,,,,
,,,ga_session_number,,1,,,,,,,,,,,,,,,,,,,,,,,,,,,,,,,,,,,,,,,,,,,,,,,,,,,,,,,,,,,,,,,,,,,,,,,,,,,,,,,,,,,,,,,,
,,,page_location,https://shop.googlemerchandisestore.com/Google+Redesign/Lifestyle/Bags,,,,,,,,,,,,,,,,,,,,,,,,,,,,,,,,,,,,,,,,,,,,,,,,,,,,,,,,,,,,,,,,,,,,,,,,,,,,,,,,,,,,,,,,,
,,,debug_mode,,1,,,,,,,,,,,,,,,,,,,,,,,,,,,,,,,,,,,,,,,,,,,,,,,,,,,,,,,,,,,,,,,,,,,,,,,,,,,,,,,,,,,,,,,,
,,,session_engaged,1,,,,,,,,,,,,,,,,,,,,,,,,,,,,,,,,,,,,,,,,,,,,,,,,,,,,,,,,,,,,,,,,,,,,,,,,,,,,,,,,,,,,,,,,,
,,,ga_session_id,,1882783048,,,,,,,,,,,,,,,,,,,,,,,,,,,,,,,,,,,,,,,,,,,,,,,,,,,,,,,,,,,,,,,,,,,,,,,,,,,,,,,,,,,,,,,,
20210102,1.60962E+15,session_start,page_referrer,,,,,,,-4446408852,,,1621047.1809785712,,,No,,,,,,,1.60962E+15,0,USD,desktop,Google,Chrome,<Other>,,Windows,Windows 10,,,en-us,No,,Chrome,87.0,Americas,Northern America,United States,Iowa,(not set),(not set),,,,,,(none),(direct),(direct),2100450278,WEB,,,,,,,,,,,,,,,,,,,,,,,,,,,,,,,,,,,,,,
,,,page_title,Google Online Store,,,,,,,,,,,,,,,,,,,,,,,,,,,,,,,,,,,,,,,,,,,,,,,,,,,,,,,,,,,,,,,,,,,,,,,,,,,,,,,,,,,,,,,,,
,,,ga_session_number,,1,,,,,,,,,,,,,,,,,,,,,,,,,,,,,,,,,,,,,,,,,,,,,,,,,,,,,,,,,,,,,,,,,,,,,,,,,,,,,,,,,,,,,,,,
,,,page_location,https://googlemerchandisestore.com/,,,,,,,,,,,,,,,,,,,,,,,,,,,,,,,,,,,,,,,,,,,,,,,,,,,,,,,,,,,,,,,,,,,,,,,,,,,,,,,,,,,,,,,,,
,,,engaged_session_event,,1,,,,,,,,,,,,,,,,,,,,,,,,,,,,,,,,,,,,,,,,,,,,,,,,,,,,,,,,,,,,,,,,,,,,,,,,,,,,,,,,,,,,,,,,
,,,ga_session_id,,3823848748,,,,,,,,,,,,,,,,,,,,,,,,,,,,,,,,,,,,,,,,,,,,,,,,,,,,,,,,,,,,,,,,,,,,,,,,,,,,,,,,,,,,,,,,
20210113,1.61053E+15,user_engagement,page_referrer,,,,,,,7862834581,,,1708340.3854978105,,,No,,,,,,,1.61053E+15,0,USD,mobile,Samsung,<Other>,<Other>,,Android,Android 10,,,en-us,No,,Chrome,87.0,Americas,Northern America,United States,Iowa,Des Moines,(not set),,,,,,referral,(referral),shop.googlemerchandisestore.com,2100450278,WEB,,,,,,,,,,,,,,,,,,,,,,,,,,,,,,,,,,,,,,
,,,page_title,Bags | Lifestyle | Google Merchandise Store,,,,,,,,,,,,,,,,,,,,,,,,,,,,,,,,,,,,,,,,,,,,,,,,,,,,,,,,,,,,,,,,,,,,,,,,,,,,,,,,,,,,,,,,,
,,,engagement_time_msec,,9145,,,,,,,,,,,,,,,,,,,,,,,,,,,,,,,,,,,,,,,,,,,,,,,,,,,,,,,,,,,,,,,,,,,,,,,,,,,,,,,,,,,,,,,,
,,,page_location,https://shop.googlemerchandisestore.com/Google+Redesign/Lifestyle/Bags,,,,,,,,,,,,,,,,,,,,,,,,,,,,,,,,,,,,,,,,,,,,,,,,,,,,,,,,,,,,,,,,,,,,,,,,,,,,,,,,,,,,,,,,,
,,,engaged_session_event,,1,,,,,,,,,,,,,,,,,,,,,,,,,,,,,,,,,,,,,,,,,,,,,,,,,,,,,,,,,,,,,,,,,,,,,,,,,,,,,,,,,,,,,,,,
,,,ga_session_id,,9813682590,,,,,,,,,,,,,,,,,,,,,,,,,,,,,,,,,,,,,,,,,,,,,,,,,,,,,,,,,,,,,,,,,,,,,,,,,,,,,,,,,,,,,,,,
,,,source,shop.googlemerchandisestore.com,,,,,,,,,,,,,,,,,,,,,,,,,,,,,,,,,,,,,,,,,,,,,,,,,,,,,,,,,,,,,,,,,,,,,,,,,,,,,,,,,,,,,,,,,
,,,debug_mode,,1,,,,,,,,,,,,,,,,,,,,,,,,,,,,,,,,,,,,,,,,,,,,,,,,,,,,,,,,,,,,,,,,,,,,,,,,,,,,,,,,,,,,,,,,
,,,campaign,(referral),,,,,,,,,,,,,,,,,,,,,,,,,,,,,,,,,,,,,,,,,,,,,,,,,,,,,,,,,,,,,,,,,,,,,,,,,,,,,,,,,,,,,,,,,
,,,ga_session_number,,2,,,,,,,,,,,,,,,,,,,,,,,,,,,,,,,,,,,,,,,,,,,,,,,,,,,,,,,,,,,,,,,,,,,,,,,,,,,,,,,,,,,,,,,,
,,,medium,referral,,,,,,,,,,,,,,,,,,,,,,,,,,,,,,,,,,,,,,,,,,,,,,,,,,,,,,,,,,,,,,,,,,,,,,,,,,,,,,,,,,,,,,,,,
,,,session_engaged,1,,,,,,,,,,,,,,,,,,,,,,,,,,,,,,,,,,,,,,,,,,,,,,,,,,,,,,,,,,,,,,,,,,,,,,,,,,,,,,,,,,,,,,,,,
20210113,1.61053E+15,scroll,percent_scrolled,,90,,,,,-7288217621,,,1708340.3854978105,,,No,,,,,,,1.61053E+15,0,USD,mobile,Samsung,<Other>,<Other>,,Android,Android 10,,,en-us,No,,Chrome,87.0,Americas,Northern America,United States,Iowa,Des Moines,(not set),,,,,,organic,(organic),google,2100450278,WEB,,,,,,,,,,,,,,,,,,,,,,,,,,,,,,,,,,,,,,
,,,session_engaged,1,,,,,,,,,,,,,,,,,,,,,,,,,,,,,,,,,,,,,,,,,,,,,,,,,,,,,,,,,,,,,,,,,,,,,,,,,,,,,,,,,,,,,,,,,
,,,ga_session_number,,1,,,,,,,,,,,,,,,,,,,,,,,,,,,,,,,,,,,,,,,,,,,,,,,,,,,,,,,,,,,,,,,,,,,,,,,,,,,,,,,,,,,,,,,,
,,,page_referrer,,,,,,,,,,,,,,,,,,,,,,,,,,,,,,,,,,,,,,,,,,,,,,,,,,,,,,,,,,,,,,,,,,,,,,,,,,,,,,,,,,,,,,,,,,
,,,page_title,Google Online Store,,,,,,,,,,,,,,,,,,,,,,,,,,,,,,,,,,,,,,,,,,,,,,,,,,,,,,,,,,,,,,,,,,,,,,,,,,,,,,,,,,,,,,,,,
,,,page_location,https://googlemerchandisestore.com/,,,,,,,,,,,,,,,,,,,,,,,,,,,,,,,,,,,,,,,,,,,,,,,,,,,,,,,,,,,,,,,,,,,,,,,,,,,,,,,,,,,,,,,,,
,,,ga_session_id,,2449606776,,,,,,,,,,,,,,,,,,,,,,,,,,,,,,,,,,,,,,,,,,,,,,,,,,,,,,,,,,,,,,,,,,,,,,,,,,,,,,,,,,,,,,,,
,,,debug_mode,,1,,,,,,,,,,,,,,,,,,,,,,,,,,,,,,,,,,,,,,,,,,,,,,,,,,,,,,,,,,,,,,,,,,,,,,,,,,,,,,,,,,,,,,,,
,,,engagement_time_msec,,43,,,,,,,,,,,,,,,,,,,,,,,,,,,,,,,,,,,,,,,,,,,,,,,,,,,,,,,,,,,,,,,,,,,,,,,,,,,,,,,,,,,,,,,,
,,,engaged_session_event,,1,,,,,,,,,,,,,,,,,,,,,,,,,,,,,,,,,,,,,,,,,,,,,,,,,,,,,,,,,,,,,,,,,,,,,,,,,,,,,,,,,,,,,,,,
20210122,1.61131E+15,page_view,gclsrc,,,,,,,1941546005,,,1865955.6072229585,,,No,,,,,,,1.61131E+15,0,USD,desktop,Apple,Safari,<Other>,,Web,Intel 10.15,,,en-us,No,,Chrome,87.0,Americas,Northern America,United States,Iowa,(not set),(not set),,,,,,(none),(direct),(direct),2100450278,WEB,,,,,,,,,,,,,,,,,,,,,,,,,,,,,,,,,,,,,,
,,,ga_session_id,,2558933406,,,,,,,,,,,,,,,,,,,,,,,,,,,,,,,,,,,,,,,,,,,,,,,,,,,,,,,,,,,,,,,,,,,,,,,,,,,,,,,,,,,,,,,,
,,,page_title,Men's T-Shirts | Apparel | Google Merchandise Store,,,,,,,,,,,,,,,,,,,,,,,,,,,,,,,,,,,,,,,,,,,,,,,,,,,,,,,,,,,,,,,,,,,,,,,,,,,,,,,,,,,,,,,,,
,,,engaged_session_event,,1,,,,,,,,,,,,,,,,,,,,,,,,,,,,,,,,,,,,,,,,,,,,,,,,,,,,,,,,,,,,,,,,,,,,,,,,,,,,,,,,,,,,,,,,
,,,page_location,https://shop.googlemerchandisestore.com/Google+Redesign/Apparel/Mens/Mens+T+Shirts,,,,,,,,,,,,,,,,,,,,,,,,,,,,,,,,,,,,,,,,,,,,,,,,,,,,,,,,,,,,,,,,,,,,,,,,,,,,,,,,,,,,,,,,,
,,,debug_mode,,1,,,,,,,,,,,,,,,,,,,,,,,,,,,,,,,,,,,,,,,,,,,,,,,,,,,,,,,,,,,,,,,,,,,,,,,,,,,,,,,,,,,,,,,,
,,,campaign,(organic),,,,,,,,,,,,,,,,,,,,,,,,,,,,,,,,,,,,,,,,,,,,,,,,,,,,,,,,,,,,,,,,,,,,,,,,,,,,,,,,,,,,,,,,,
,,,engagement_time_msec,,4,,,,,,,,,,,,,,,,,,,,,,,,,,,,,,,,,,,,,,,,,,,,,,,,,,,,,,,,,,,,,,,,,,,,,,,,,,,,,,,,,,,,,,,,
,,,medium,organic,,,,,,,,,,,,,,,,,,,,,,,,,,,,,,,,,,,,,,,,,,,,,,,,,,,,,,,,,,,,,,,,,,,,,,,,,,,,,,,,,,,,,,,,,
,,,page_referrer,,,,,,,,,,,,,,,,,,,,,,,,,,,,,,,,,,,,,,,,,,,,,,,,,,,,,,,,,,,,,,,,,,,,,,,,,,,,,,,,,,,,,,,,,,
,,,session_engaged,1,,,,,,,,,,,,,,,,,,,,,,,,,,,,,,,,,,,,,,,,,,,,,,,,,,,,,,,,,,,,,,,,,,,,,,,,,,,,,,,,,,,,,,,,,
,,,ga_session_number,,1,,,,,,,,,,,,,,,,,,,,,,,,,,,,,,,,,,,,,,,,,,,,,,,,,,,,,,,,,,,,,,,,,,,,,,,,,,,,,,,,,,,,,,,,
,,,source,google,,,,,,,,,,,,,,,,,,,,,,,,,,,,,,,,,,,,,,,,,,,,,,,,,,,,,,,,,,,,,,,,,,,,,,,,,,,,,,,,,,,,,,,,,
,,,gclid,,,,,,,,,,,,,,,,,,,,,,,,,,,,,,,,,,,,,,,,,,,,,,,,,,,,,,,,,,,,,,,,,,,,,,,,,,,,,,,,,,,,,,,,,,
,,,term,<obfuscated>,,,,,,,,,,,,,,,,,,,,,,,,,,,,,,,,,,,,,,,,,,,,,,,,,,,,,,,,,,,,,,,,,,,,,,,,,,,,,,,,,,,,,,,,,
20210122,1.61131E+15,page_view,debug_mode,,1,,,,,-2956879375,,,1865955.6072229585,,,No,,,,,,,1.61131E+15,0,USD,desktop,Apple,Safari,<Other>,,Web,Intel 10.15,,,en-us,No,,Chrome,87.0,Americas,Northern America,United States,Iowa,(not set),(not set),,,,,,(none),(direct),(direct),2100450278,WEB,,,,,,,,,,,,,,,,,,,,,,,,,,,,,,,,,,,,,,
,,,session_engaged,1,,,,,,,,,,,,,,,,,,,,,,,,,,,,,,,,,,,,,,,,,,,,,,,,,,,,,,,,,,,,,,,,,,,,,,,,,,,,,,,,,,,,,,,,,
,,,page_location,https://shop.googlemerchandisestore.com/Google+Redesign/Campus+Collection,,,,,,,,,,,,,,,,,,,,,,,,,,,,,,,,,,,,,,,,,,,,,,,,,,,,,,,,,,,,,,,,,,,,,,,,,,,,,,,,,,,,,,,,,
,,,engaged_session_event,,1,,,,,,,,,,,,,,,,,,,,,,,,,,,,,,,,,,,,,,,,,,,,,,,,,,,,,,,,,,,,,,,,,,,,,,,,,,,,,,,,,,,,,,,,
,,,ga_session_id,,2558933406,,,,,,,,,,,,,,,,,,,,,,,,,,,,,,,,,,,,,,,,,,,,,,,,,,,,,,,,,,,,,,,,,,,,,,,,,,,,,,,,,,,,,,,,
,,,page_title,Campus Collection | Google Merchandise Store,,,,,,,,,,,,,,,,,,,,,,,,,,,,,,,,,,,,,,,,,,,,,,,,,,,,,,,,,,,,,,,,,,,,,,,,,,,,,,,,,,,,,,,,,
,,,page_referrer,,,,,,,,,,,,,,,,,,,,,,,,,,,,,,,,,,,,,,,,,,,,,,,,,,,,,,,,,,,,,,,,,,,,,,,,,,,,,,,,,,,,,,,,,,
,,,engagement_time_msec,,3,,,,,,,,,,,,,,,,,,,,,,,,,,,,,,,,,,,,,,,,,,,,,,,,,,,,,,,,,,,,,,,,,,,,,,,,,,,,,,,,,,,,,,,,
,,,ga_session_number,,1,,,,,,,,,,,,,,,,,,,,,,,,,,,,,,,,,,,,,,,,,,,,,,,,,,,,,,,,,,,,,,,,,,,,,,,,,,,,,,,,,,,,,,,,
20210122,1.61131E+15,view_item,page_location,https://shop.googlemerchandisestore.com/Google+Redesign/Apparel/Mens/Mens+T+Shirts,,,,,,3197187060,,,1865955.6072229585,,,No,,,,,,,1.61131E+15,0,USD,desktop,Apple,Safari,<Other>,,Web,Intel 10.15,,,en-us,No,,Chrome,87.0,Americas,Northern America,United States,Iowa,(not set),(not set),,,,,,(none),(direct),(direct),2100450278,WEB,,,,,,,,,,,12,(not set),GGOEGXXX1038,Google F/C Long Sleeve Tee Charcoal,(not set),(not set),Men's T-Shirts/,(not set),(not set),(not set),(not set),,30,,,,,,(not set),(not set),(not set),(not set),(not set),2,(not set),(not set),(not set),(not set)
,,,debug_mode,,1,,,,,,,,,,,,,,,,,,,,,,,,,,,,,,,,,,,,,,,,,,,,,,,,,,,,,,,,,,,,,,,GGOEGXXX1196,Google Mountain View Tee Blue,(not set),(not set),Men's T-Shirts/,(not set),(not set),(not set),(not set),,25,,,,,,(not set),(not set),(not set),(not set),(not set),8,(not set),(not set),(not set),(not set)
,,,ga_session_id,,2558933406,,,,,,,,,,,,,,,,,,,,,,,,,,,,,,,,,,,,,,,,,,,,,,,,,,,,,,,,,,,,,,,GGOEYXXX1203,YouTube Icon Tee Grey,(not set),(not set),Men's T-Shirts/,(not set),(not set),(not set),(not set),,22,,,,,,(not set),(not set),(not set),(not set),(not set),10,(not set),(not set),(not set),(not set)
,,,page_title,Men's T-Shirts | Apparel | Google Merchandise Store,,,,,,,,,,,,,,,,,,,,,,,,,,,,,,,,,,,,,,,,,,,,,,,,,,,,,,,,,,,,,,,,GGOEGXXX1194,Google Dino Game Tee,(not set),(not set),Men's T-Shirts/,(not set),(not set),(not set),(not set),,40,,,,,,(not set),(not set),(not set),(not set),(not set),7,(not set),(not set),(not set),(not set)
,,,ga_session_number,,1,,,,,,,,,,,,,,,,,,,,,,,,,,,,,,,,,,,,,,,,,,,,,,,,,,,,,,,,,,,,,,,GGOEYXXX1202,YouTube Icon Tee Charcoal,(not set),(not set),Men's T-Shirts/,(not set),(not set),(not set),(not set),,22,,,,,,(not set),(not set),(not set),(not set),(not set),9,(not set),(not set),(not set),(not set)
,,,engagement_time_msec,,502,,,,,,,,,,,,,,,,,,,,,,,,,,,,,,,,,,,,,,,,,,,,,,,,,,,,,,,,,,,,,,,GGOEGXXX1040,Google Tudes Recycled Tee,(not set),(not set),Men's T-Shirts/,(not set),(not set),(not set),(not set),,30,,,,,,(not set),(not set),(not set),(not set),(not set),4,(not set),(not set),(not set),(not set)
,,,page_referrer,,,,,,,,,,,,,,,,,,,,,,,,,,,,,,,,,,,,,,,,,,,,,,,,,,,,,,,,,,,,,,,,,GGOEGXXX1039,Google F/C Long Sleeve Tee Ash,(not set),(not set),Men's T-Shirts/,(not set),(not set),(not set),(not set),,30,,,,,,(not set),(not set),(not set),(not set),(not set),3,(not set),(not set),(not set),(not set)
,,,session_engaged,1,,,,,,,,,,,,,,,,,,,,,,,,,,,,,,,,,,,,,,,,,,,,,,,,,,,,,,,,,,,,,,,,GGOEGXXX1189,Google Eco Tee Black,(not set),(not set),Men's T-Shirts/,(not set),(not set),(not set),(not set),,22,,,,,,(not set),(not set),(not set),(not set),(not set),5,(not set),(not set),(not set),(not set)
,,,engaged_session_event,,1,,,,,,,,,,,,,,,,,,,,,,,,,,,,,,,,,,,,,,,,,,,,,,,,,,,,,,,,,,,,,,,GGOEGXXX1193,Google Campus Bike Eco Tee Navy,(not set),(not set),Men's T-Shirts/,(not set),(not set),(not set),(not set),,25,,,,,,(not set),(not set),(not set),(not set),(not set),6,(not set),(not set),(not set),(not set)
,,,,,,,,,,,,,,,,,,,,,,,,,,,,,,,,,,,,,,,,,,,,,,,,,,,,,,,,,,,,,,,,,,,,GGOEGXXX1265,Google Beekeepers Tee Mint,(not set),(not set),Men's T-Shirts/,(not set),(not set),(not set),(not set),,25,,,,,,(not set),(not set),(not set),(not set),(not set),12,(not set),(not set),(not set),(not set)
,,,,,,,,,,,,,,,,,,,,,,,,,,,,,,,,,,,,,,,,,,,,,,,,,,,,,,,,,,,,,,,,,,,,GGOEGXXX1264,Android Garden Tee Orange,(not set),(not set),Men's T-Shirts/,(not set),(not set),(not set),(not set),,29,,,,,,(not set),(not set),(not set),(not set),(not set),11,(not set),(not set),(not set),(not set)
,,,,,,,,,,,,,,,,,,,,,,,,,,,,,,,,,,,,,,,,,,,,,,,,,,,,,,,,,,,,,,,,,,,,GGOEGXXX1189,Google Eco Tee Black,Google,(not set),Men's T-Shirts/,(not set),(not set),(not set),(not set),,22,,,,,,(not set),(not set),(not set),(not set),Not available in demo dataset,5,(not set),(not set),(not set),(not set)
20210102,1.60957E+15,session_start,engaged_session_event,,1,,,,,-7745393035,,,1989653.0310679976,,,No,,,,,,,1.60957E+15,0,USD,mobile,<Other>,<Other>,<Other>,,Web,10,,,,No,,Chrome,86.0,Americas,Northern America,United States,Iowa,Des Moines,(not set),,,,,,organic,(organic),google,2100450278,WEB,,,,,,,,,,,,,,,,,,,,,,,,,,,,,,,,,,,,,,
,,,page_location,https://shop.googlemerchandisestore.com/Google+Redesign/Apparel,,,,,,,,,,,,,,,,,,,,,,,,,,,,,,,,,,,,,,,,,,,,,,,,,,,,,,,,,,,,,,,,,,,,,,,,,,,,,,,,,,,,,,,,,
,,,page_referrer,,,,,,,,,,,,,,,,,,,,,,,,,,,,,,,,,,,,,,,,,,,,,,,,,,,,,,,,,,,,,,,,,,,,,,,,,,,,,,,,,,,,,,,,,,
,,,ga_session_number,,1,,,,,,,,,,,,,,,,,,,,,,,,,,,,,,,,,,,,,,,,,,,,,,,,,,,,,,,,,,,,,,,,,,,,,,,,,,,,,,,,,,,,,,,,
,,,ga_session_id,,6149139412,,,,,,,,,,,,,,,,,,,,,,,,,,,,,,,,,,,,,,,,,,,,,,,,,,,,,,,,,,,,,,,,,,,,,,,,,,,,,,,,,,,,,,,,
,,,page_title,Apparel | Google Merchandise Store,,,,,,,,,,,,,,,,,,,,,,,,,,,,,,,,,,,,,,,,,,,,,,,,,,,,,,,,,,,,,,,,,,,,,,,,,,,,,,,,,,,,,,,,,
20210112,1.61045E+15,page_view,page_location,https://shop.googlemerchandisestore.com/,,,,,,5033289653,,,2093349.3276106748,,,No,,,,,,,1.61037E+15,0,USD,desktop,Google,Chrome,<Other>,,Web,10,,,en-us,No,,Chrome,86.0,Americas,Northern America,United States,Iowa,Des Moines,(not set),,,,,,referral,(referral),shop.googlemerchandisestore.com,2100450278,WEB,,,,,,,,,,,,,,,,,,,,,,,,,,,,,,,,,,,,,,
,,,campaign,Data Share Promo,,,,,,,,,,,,,,,,,,,,,,,,,,,,,,,,,,,,,,,,,,,,,,,,,,,,,,,,,,,,,,,,,,,,,,,,,,,,,,,,,,,,,,,,,
,,,medium,affiliate,,,,,,,,,,,,,,,,,,,,,,,,,,,,,,,,,,,,,,,,,,,,,,,,,,,,,,,,,,,,,,,,,,,,,,,,,,,,,,,,,,,,,,,,,
,,,clean_event,gtm.js,,,,,,,,,,,,,,,,,,,,,,,,,,,,,,,,,,,,,,,,,,,,,,,,,,,,,,,,,,,,,,,,,,,,,,,,,,,,,,,,,,,,,,,,,
,,,page_referrer,,,,,,,,,,,,,,,,,,,,,,,,,,,,,,,,,,,,,,,,,,,,,,,,,,,,,,,,,,,,,,,,,,,,,,,,,,,,,,,,,,,,,,,,,,
,,,ga_session_id,,3659737217,,,,,,,,,,,,,,,,,,,,,,,,,,,,,,,,,,,,,,,,,,,,,,,,,,,,,,,,,,,,,,,,,,,,,,,,,,,,,,,,,,,,,,,,
,,,session_engaged,0,,,,,,,,,,,,,,,,,,,,,,,,,,,,,,,,,,,,,,,,,,,,,,,,,,,,,,,,,,,,,,,,,,,,,,,,,,,,,,,,,,,,,,,,,
,,,source,Partners,,,,,,,,,,,,,,,,,,,,,,,,,,,,,,,,,,,,,,,,,,,,,,,,,,,,,,,,,,,,,,,,,,,,,,,,,,,,,,,,,,,,,,,,,
,,,all_data,,,,,,,,,,,,,,,,,,,,,,,,,,,,,,,,,,,,,,,,,,,,,,,,,,,,,,,,,,,,,,,,,,,,,,,,,,,,,,,,,,,,,,,,,,
,,,engaged_session_event,,1,,,,,,,,,,,,,,,,,,,,,,,,,,,,,,,,,,,,,,,,,,,,,,,,,,,,,,,,,,,,,,,,,,,,,,,,,,,,,,,,,,,,,,,,
,,,debug_mode,,1,,,,,,,,,,,,,,,,,,,,,,,,,,,,,,,,,,,,,,,,,,,,,,,,,,,,,,,,,,,,,,,,,,,,,,,,,,,,,,,,,,,,,,,,
,,,ga_session_number,,3,,,,,,,,,,,,,,,,,,,,,,,,,,,,,,,,,,,,,,,,,,,,,,,,,,,,,,,,,,,,,,,,,,,,,,,,,,,,,,,,,,,,,,,,
,,,page_title,Home,,,,,,,,,,,,,,,,,,,,,,,,,,,,,,,,,,,,,,,,,,,,,,,,,,,,,,,,,,,,,,,,,,,,,,,,,,,,,,,,,,,,,,,,,
,,,entrances,,1,,,,,,,,,,,,,,,,,,,,,,,,,,,,,,,,,,,,,,,,,,,,,,,,,,,,,,,,,,,,,,,,,,,,,,,,,,,,,,,,,,,,,,,,
20210126,1.61166E+15,page_view,engagement_time_msec,,6,,,,,2243610303,,,2126401.4085453799,,,No,,,,,,,1.60309E+15,0,USD,desktop,Apple,Safari,<Other>,,Web,Intel 10.15,,,en-us,No,,Chrome,87.0,Americas,Northern America,United States,Iowa,(not set),(not set),,,,,,referral,(referral),<Other>,2100450278,WEB,,,,,,,,,,,,,,,,,,,,,,,,,,,,,,,,,,,,,,
,,,ga_session_number,,2,,,,,,,,,,,,,,,,,,,,,,,,,,,,,,,,,,,,,,,,,,,,,,,,,,,,,,,,,,,,,,,,,,,,,,,,,,,,,,,,,,,,,,,,
,,,engaged_session_event,,1,,,,,,,,,,,,,,,,,,,,,,,,,,,,,,,,,,,,,,,,,,,,,,,,,,,,,,,,,,,,,,,,,,,,,,,,,,,,,,,,,,,,,,,,
,,,page_location,https://shop.googlemerchandisestore.com/Google+Redesign/Shop+by+Brand/Google+Cloud,,,,,,,,,,,,,,,,,,,,,,,,,,,,,,,,,,,,,,,,,,,,,,,,,,,,,,,,,,,,,,,,,,,,,,,,,,,,,,,,,,,,,,,,,
,,,session_engaged,1,,,,,,,,,,,,,,,,,,,,,,,,,,,,,,,,,,,,,,,,,,,,,,,,,,,,,,,,,,,,,,,,,,,,,,,,,,,,,,,,,,,,,,,,,
,,,page_referrer,,,,,,,,,,,,,,,,,,,,,,,,,,,,,,,,,,,,,,,,,,,,,,,,,,,,,,,,,,,,,,,,,,,,,,,,,,,,,,,,,,,,,,,,,,
,,,debug_mode,,1,,,,,,,,,,,,,,,,,,,,,,,,,,,,,,,,,,,,,,,,,,,,,,,,,,,,,,,,,,,,,,,,,,,,,,,,,,,,,,,,,,,,,,,,
,,,ga_session_id,,3426007513,,,,,,,,,,,,,,,,,,,,,,,,,,,,,,,,,,,,,,,,,,,,,,,,,,,,,,,,,,,,,,,,,,,,,,,,,,,,,,,,,,,,,,,,
,,,page_title,Google Cloud | Shop by Brand | Google Merchandise Store,,,,,,,,,,,,,,,,,,,,,,,,,,,,,,,,,,,,,,,,,,,,,,,,,,,,,,,,,,,,,,,,,,,,,,,,,,,,,,,,,,,,,,,,,
20210128,1.61184E+15,scroll,percent_scrolled,,90,,,,,6307239440,,,2126401.4085453799,,,No,,,,,,,1.60309E+15,0,USD,desktop,Apple,Safari,<Other>,,Web,Intel 10.15,,,en-us,No,,Chrome,87.0,Americas,Northern America,United States,Iowa,(not set),(not set),,,,,,organic,(organic),google,2100450278,WEB,,,,,,,,,,,,,,,,,,,,,,,,,,,,,,,,,,,,,,
,,,engagement_time_msec,,3865,,,,,,,,,,,,,,,,,,,,,,,,,,,,,,,,,,,,,,,,,,,,,,,,,,,,,,,,,,,,,,,,,,,,,,,,,,,,,,,,,,,,,,,,
,,,page_referrer,,,,,,,,,,,,,,,,,,,,,,,,,,,,,,,,,,,,,,,,,,,,,,,,,,,,,,,,,,,,,,,,,,,,,,,,,,,,,,,,,,,,,,,,,,
,,,page_title,Home,,,,,,,,,,,,,,,,,,,,,,,,,,,,,,,,,,,,,,,,,,,,,,,,,,,,,,,,,,,,,,,,,,,,,,,,,,,,,,,,,,,,,,,,,
,,,page_location,https://shop.googlemerchandisestore.com/store.html,,,,,,,,,,,,,,,,,,,,,,,,,,,,,,,,,,,,,,,,,,,,,,,,,,,,,,,,,,,,,,,,,,,,,,,,,,,,,,,,,,,,,,,,,
,,,debug_mode,,1,,,,,,,,,,,,,,,,,,,,,,,,,,,,,,,,,,,,,,,,,,,,,,,,,,,,,,,,,,,,,,,,,,,,,,,,,,,,,,,,,,,,,,,,
,,,ga_session_number,,3,,,,,,,,,,,,,,,,,,,,,,,,,,,,,,,,,,,,,,,,,,,,,,,,,,,,,,,,,,,,,,,,,,,,,,,,,,,,,,,,,,,,,,,,
,,,ga_session_id,,9157144569,,,,,,,,,,,,,,,,,,,,,,,,,,,,,,,,,,,,,,,,,,,,,,,,,,,,,,,,,,,,,,,,,,,,,,,,,,,,,,,,,,,,,,,,
,,,engaged_session_event,,1,,,,,,,,,,,,,,,,,,,,,,,,,,,,,,,,,,,,,,,,,,,,,,,,,,,,,,,,,,,,,,,,,,,,,,,,,,,,,,,,,,,,,,,,
,,,session_engaged,1,,,,,,,,,,,,,,,,,,,,,,,,,,,,,,,,,,,,,,,,,,,,,,,,,,,,,,,,,,,,,,,,,,,,,,,,,,,,,,,,,,,,,,,,,
20210106,1.60992E+15,view_promotion,page_location,https://shop.googlemerchandisestore.com/store.html,,,,,,-9056962888,,,2219098.9178831127,,,No,,,,,,,1.60992E+15,0,USD,desktop,Google,Chrome,<Other>,,Web,10,,,,No,,Chrome,86.0,Americas,Northern America,United States,Iowa,Des Moines,(not set),,,,,,referral,(referral),shop.googlemerchandisestore.com,2100450278,WEB,,,,,,,,,,,1,(not set),(not set),(not set),(not set),(not set),(not set),(not set),(not set),(not set),(not set),,,,,,,,(not set),(not set),(not set),(not set),(not set),Slide 1,(not set),Reach New Heights,Front Page Carousel,(not set)
,,,ga_session_number,,1,,,,,,,,,,,,,,,,,,,,,,,,,,,,,,,,,,,,,,,,,,,,,,,,,,,,,,,,,,,,,,,,,,,,,,,,,,,,,,,,,,,,,,,,
,,,session_engaged,1,,,,,,,,,,,,,,,,,,,,,,,,,,,,,,,,,,,,,,,,,,,,,,,,,,,,,,,,,,,,,,,,,,,,,,,,,,,,,,,,,,,,,,,,,
,,,page_title,Home,,,,,,,,,,,,,,,,,,,,,,,,,,,,,,,,,,,,,,,,,,,,,,,,,,,,,,,,,,,,,,,,,,,,,,,,,,,,,,,,,,,,,,,,,
,,,ga_session_id,,716804610,,,,,,,,,,,,,,,,,,,,,,,,,,,,,,,,,,,,,,,,,,,,,,,,,,,,,,,,,,,,,,,,,,,,,,,,,,,,,,,,,,,,,,,,
,,,engaged_session_event,,1,,,,,,,,,,,,,,,,,,,,,,,,,,,,,,,,,,,,,,,,,,,,,,,,,,,,,,,,,,,,,,,,,,,,,,,,,,,,,,,,,,,,,,,,
,,,page_referrer,https://shop.googlemerchandisestore.com/registersuccess.html?,,,,,,,,,,,,,,,,,,,,,,,,,,,,,,,,,,,,,,,,,,,,,,,,,,,,,,,,,,,,,,,,,,,,,,,,,,,,,,,,,,,,,,,,,
,,,engagement_time_msec,,108,,,,,,,,,,,,,,,,,,,,,,,,,,,,,,,,,,,,,,,,,,,,,,,,,,,,,,,,,,,,,,,,,,,,,,,,,,,,,,,,,,,,,,,,
,,,debug_mode,,1,,,,,,,,,,,,,,,,,,,,,,,,,,,,,,,,,,,,,,,,,,,,,,,,,,,,,,,,,,,,,,,,,,,,,,,,,,,,,,,,,,,,,,,,
20210127,1.61174E+15,scroll,campaign,(organic),,,,,,8949707093,,,2230905.7046198926,,,No,,,,,,,1.61174E+15,0,USD,desktop,Google,Chrome,<Other>,,Web,10,,,en-us,No,,Chrome,86.0,Americas,Northern America,United States,Iowa,(not set),(not set),,,,,,(none),(direct),(direct),2100450278,WEB,,,,,,,,,,,,,,,,,,,,,,,,,,,,,,,,,,,,,,
,,,ga_session_id,,1109039738,,,,,,,,,,,,,,,,,,,,,,,,,,,,,,,,,,,,,,,,,,,,,,,,,,,,,,,,,,,,,,,,,,,,,,,,,,,,,,,,,,,,,,,,
,,,term,<obfuscated>,,,,,,,,,,,,,,,,,,,,,,,,,,,,,,,,,,,,,,,,,,,,,,,,,,,,,,,,,,,,,,,,,,,,,,,,,,,,,,,,,,,,,,,,,
,,,source,google,,,,,,,,,,,,,,,,,,,,,,,,,,,,,,,,,,,,,,,,,,,,,,,,,,,,,,,,,,,,,,,,,,,,,,,,,,,,,,,,,,,,,,,,,
,,,debug_mode,,1,,,,,,,,,,,,,,,,,,,,,,,,,,,,,,,,,,,,,,,,,,,,,,,,,,,,,,,,,,,,,,,,,,,,,,,,,,,,,,,,,,,,,,,,
,,,engagement_time_msec,,9216,,,,,,,,,,,,,,,,,,,,,,,,,,,,,,,,,,,,,,,,,,,,,,,,,,,,,,,,,,,,,,,,,,,,,,,,,,,,,,,,,,,,,,,,
,,,engaged_session_event,,1,,,,,,,,,,,,,,,,,,,,,,,,,,,,,,,,,,,,,,,,,,,,,,,,,,,,,,,,,,,,,,,,,,,,,,,,,,,,,,,,,,,,,,,,
,,,medium,organic,,,,,,,,,,,,,,,,,,,,,,,,,,,,,,,,,,,,,,,,,,,,,,,,,,,,,,,,,,,,,,,,,,,,,,,,,,,,,,,,,,,,,,,,,
,,,ga_session_number,,1,,,,,,,,,,,,,,,,,,,,,,,,,,,,,,,,,,,,,,,,,,,,,,,,,,,,,,,,,,,,,,,,,,,,,,,,,,,,,,,,,,,,,,,,
,,,page_referrer,,,,,,,,,,,,,,,,,,,,,,,,,,,,,,,,,,,,,,,,,,,,,,,,,,,,,,,,,,,,,,,,,,,,,,,,,,,,,,,,,,,,,,,,,,
,,,page_location,https://shop.googlemerchandisestore.com/,,,,,,,,,,,,,,,,,,,,,,,,,,,,,,,,,,,,,,,,,,,,,,,,,,,,,,,,,,,,,,,,,,,,,,,,,,,,,,,,,,,,,,,,,
,,,page_title,Home,,,,,,,,,,,,,,,,,,,,,,,,,,,,,,,,,,,,,,,,,,,,,,,,,,,,,,,,,,,,,,,,,,,,,,,,,,,,,,,,,,,,,,,,,
,,,session_engaged,1,,,,,,,,,,,,,,,,,,,,,,,,,,,,,,,,,,,,,,,,,,,,,,,,,,,,,,,,,,,,,,,,,,,,,,,,,,,,,,,,,,,,,,,,,
,,,percent_scrolled,,90,,,,,,,,,,,,,,,,,,,,,,,,,,,,,,,,,,,,,,,,,,,,,,,,,,,,,,,,,,,,,,,,,,,,,,,,,,,,,,,,,,,,,,,,
20210122,1.61135E+15,session_start,ga_session_id,,5474366524,,,,,-3633593671,,,2325507.2899863416,,,No,,,,,,,1.61135E+15,0,USD,desktop,Apple,Safari,<Other>,,Web,<Other>,,,en-us,No,,Chrome,<Other>,Americas,Northern America,United States,Iowa,(not set),(not set),,,,,,organic,(organic),google,2100450278,WEB,,,,,,,,,,,,,,,,,,,,,,,,,,,,,,,,,,,,,,
,,,page_referrer,,,,,,,,,,,,,,,,,,,,,,,,,,,,,,,,,,,,,,,,,,,,,,,,,,,,,,,,,,,,,,,,,,,,,,,,,,,,,,,,,,,,,,,,,,
,,,ga_session_number,,1,,,,,,,,,,,,,,,,,,,,,,,,,,,,,,,,,,,,,,,,,,,,,,,,,,,,,,,,,,,,,,,,,,,,,,,,,,,,,,,,,,,,,,,,
,,,page_title,YouTube | Shop by Brand | Google Merchandise Store,,,,,,,,,,,,,,,,,,,,,,,,,,,,,,,,,,,,,,,,,,,,,,,,,,,,,,,,,,,,,,,,,,,,,,,,,,,,,,,,,,,,,,,,,
,,,page_location,https://shop.googlemerchandisestore.com/Google+Redesign/Shop+by+Brand/YouTube,,,,,,,,,,,,,,,,,,,,,,,,,,,,,,,,,,,,,,,,,,,,,,,,,,,,,,,,,,,,,,,,,,,,,,,,,,,,,,,,,,,,,,,,,
,,,engaged_session_event,,1,,,,,,,,,,,,,,,,,,,,,,,,,,,,,,,,,,,,,,,,,,,,,,,,,,,,,,,,,,,,,,,,,,,,,,,,,,,,,,,,,,,,,,,,
20210122,1.61135E+15,user_engagement,session_engaged,1,,,,,,5415803729,,,2325507.2899863416,,,No,,,,,,,1.61135E+15,0,USD,desktop,Apple,Safari,<Other>,,Web,<Other>,,,en-us,No,,Chrome,<Other>,Americas,Northern America,United States,Iowa,(not set),(not set),,,,,,organic,(organic),google,2100450278,WEB,,,,,,,,,,,,,,,,,,,,,,,,,,,,,,,,,,,,,,
,,,page_referrer,https://shop.googlemerchandisestore.com/store.html?,,,,,,,,,,,,,,,,,,,,,,,,,,,,,,,,,,,,,,,,,,,,,,,,,,,,,,,,,,,,,,,,,,,,,,,,,,,,,,,,,,,,,,,,,
,,,source,shop.googlemerchandisestore.com,,,,,,,,,,,,,,,,,,,,,,,,,,,,,,,,,,,,,,,,,,,,,,,,,,,,,,,,,,,,,,,,,,,,,,,,,,,,,,,,,,,,,,,,,
,,,page_title,YouTube 25 oz Gear Cap Bottle Black,,,,,,,,,,,,,,,,,,,,,,,,,,,,,,,,,,,,,,,,,,,,,,,,,,,,,,,,,,,,,,,,,,,,,,,,,,,,,,,,,,,,,,,,,
,,,page_location,https://shop.googlemerchandisestore.com/Google+Redesign/Drinkware/Youtube+25oz+gear+cap+bottle+black,,,,,,,,,,,,,,,,,,,,,,,,,,,,,,,,,,,,,,,,,,,,,,,,,,,,,,,,,,,,,,,,,,,,,,,,,,,,,,,,,,,,,,,,,
,,,engaged_session_event,,1,,,,,,,,,,,,,,,,,,,,,,,,,,,,,,,,,,,,,,,,,,,,,,,,,,,,,,,,,,,,,,,,,,,,,,,,,,,,,,,,,,,,,,,,
,,,debug_mode,,1,,,,,,,,,,,,,,,,,,,,,,,,,,,,,,,,,,,,,,,,,,,,,,,,,,,,,,,,,,,,,,,,,,,,,,,,,,,,,,,,,,,,,,,,
,,,medium,referral,,,,,,,,,,,,,,,,,,,,,,,,,,,,,,,,,,,,,,,,,,,,,,,,,,,,,,,,,,,,,,,,,,,,,,,,,,,,,,,,,,,,,,,,,
,,,campaign,(referral),,,,,,,,,,,,,,,,,,,,,,,,,,,,,,,,,,,,,,,,,,,,,,,,,,,,,,,,,,,,,,,,,,,,,,,,,,,,,,,,,,,,,,,,,
,,,ga_session_id,,5474366524,,,,,,,,,,,,,,,,,,,,,,,,,,,,,,,,,,,,,,,,,,,,,,,,,,,,,,,,,,,,,,,,,,,,,,,,,,,,,,,,,,,,,,,,
,,,engagement_time_msec,,49817,,,,,,,,,,,,,,,,,,,,,,,,,,,,,,,,,,,,,,,,,,,,,,,,,,,,,,,,,,,,,,,,,,,,,,,,,,,,,,,,,,,,,,,,
,,,ga_session_number,,1,,,,,,,,,,,,,,,,,,,,,,,,,,,,,,,,,,,,,,,,,,,,,,,,,,,,,,,,,,,,,,,,,,,,,,,,,,,,,,,,,,,,,,,,
20210114,1.61061E+15,user_engagement,campaign,(organic),,,,,,8188584095,,,2351306.6209109622,,,No,,,,,,,1.61061E+15,0,USD,mobile,Apple,iPhone,<Other>,,Web,<Other>,,,,No,,Safari,13.1,Americas,Northern America,United States,Iowa,(not set),(not set),,,,,,organic,(organic),google,2100450278,WEB,,,,,,,,,,,,,,,,,,,,,,,,,,,,,,,,,,,,,,
,,,page_location,https://googlemerchandisestore.com/,,,,,,,,,,,,,,,,,,,,,,,,,,,,,,,,,,,,,,,,,,,,,,,,,,,,,,,,,,,,,,,,,,,,,,,,,,,,,,,,,,,,,,,,,
,,,page_referrer,,,,,,,,,,,,,,,,,,,,,,,,,,,,,,,,,,,,,,,,,,,,,,,,,,,,,,,,,,,,,,,,,,,,,,,,,,,,,,,,,,,,,,,,,,
,,,debug_mode,,1,,,,,,,,,,,,,,,,,,,,,,,,,,,,,,,,,,,,,,,,,,,,,,,,,,,,,,,,,,,,,,,,,,,,,,,,,,,,,,,,,,,,,,,,
,,,engagement_time_msec,,5641,,,,,,,,,,,,,,,,,,,,,,,,,,,,,,,,,,,,,,,,,,,,,,,,,,,,,,,,,,,,,,,,,,,,,,,,,,,,,,,,,,,,,,,,
,,,engaged_session_event,,1,,,,,,,,,,,,,,,,,,,,,,,,,,,,,,,,,,,,,,,,,,,,,,,,,,,,,,,,,,,,,,,,,,,,,,,,,,,,,,,,,,,,,,,,
,,,term,<obfuscated>,,,,,,,,,,,,,,,,,,,,,,,,,,,,,,,,,,,,,,,,,,,,,,,,,,,,,,,,,,,,,,,,,,,,,,,,,,,,,,,,,,,,,,,,,
,,,ga_session_number,,1,,,,,,,,,,,,,,,,,,,,,,,,,,,,,,,,,,,,,,,,,,,,,,,,,,,,,,,,,,,,,,,,,,,,,,,,,,,,,,,,,,,,,,,,
,,,page_title,Google Online Store,,,,,,,,,,,,,,,,,,,,,,,,,,,,,,,,,,,,,,,,,,,,,,,,,,,,,,,,,,,,,,,,,,,,,,,,,,,,,,,,,,,,,,,,,
,,,medium,organic,,,,,,,,,,,,,,,,,,,,,,,,,,,,,,,,,,,,,,,,,,,,,,,,,,,,,,,,,,,,,,,,,,,,,,,,,,,,,,,,,,,,,,,,,
,,,session_engaged,1,,,,,,,,,,,,,,,,,,,,,,,,,,,,,,,,,,,,,,,,,,,,,,,,,,,,,,,,,,,,,,,,,,,,,,,,,,,,,,,,,,,,,,,,,
,,,source,google,,,,,,,,,,,,,,,,,,,,,,,,,,,,,,,,,,,,,,,,,,,,,,,,,,,,,,,,,,,,,,,,,,,,,,,,,,,,,,,,,,,,,,,,,
,,,ga_session_id,,9622942430,,,,,,,,,,,,,,,,,,,,,,,,,,,,,,,,,,,,,,,,,,,,,,,,,,,,,,,,,,,,,,,,,,,,,,,,,,,,,,,,,,,,,,,,
20210114,1.61061E+15,scroll,engagement_time_msec,,761,,,,,-6635522960,,,2351306.6209109622,,,No,,,,,,,1.61061E+15,0,USD,mobile,Apple,iPhone,<Other>,,Web,<Other>,,,,No,,Safari,13.1,Americas,Northern America,United States,Iowa,(not set),(not set),,,,,,organic,(organic),google,2100450278,WEB,,,,,,,,,,,,,,,,,,,,,,,,,,,,,,,,,,,,,,
,,,session_engaged,1,,,,,,,,,,,,,,,,,,,,,,,,,,,,,,,,,,,,,,,,,,,,,,,,,,,,,,,,,,,,,,,,,,,,,,,,,,,,,,,,,,,,,,,,,
,,,page_referrer,,,,,,,,,,,,,,,,,,,,,,,,,,,,,,,,,,,,,,,,,,,,,,,,,,,,,,,,,,,,,,,,,,,,,,,,,,,,,,,,,,,,,,,,,,
,,,ga_session_number,,1,,,,,,,,,,,,,,,,,,,,,,,,,,,,,,,,,,,,,,,,,,,,,,,,,,,,,,,,,,,,,,,,,,,,,,,,,,,,,,,,,,,,,,,,
,,,page_location,https://googlemerchandisestore.com/,,,,,,,,,,,,,,,,,,,,,,,,,,,,,,,,,,,,,,,,,,,,,,,,,,,,,,,,,,,,,,,,,,,,,,,,,,,,,,,,,,,,,,,,,
,,,ga_session_id,,9622942430,,,,,,,,,,,,,,,,,,,,,,,,,,,,,,,,,,,,,,,,,,,,,,,,,,,,,,,,,,,,,,,,,,,,,,,,,,,,,,,,,,,,,,,,
,,,percent_scrolled,,90,,,,,,,,,,,,,,,,,,,,,,,,,,,,,,,,,,,,,,,,,,,,,,,,,,,,,,,,,,,,,,,,,,,,,,,,,,,,,,,,,,,,,,,,
,,,debug_mode,,1,,,,,,,,,,,,,,,,,,,,,,,,,,,,,,,,,,,,,,,,,,,,,,,,,,,,,,,,,,,,,,,,,,,,,,,,,,,,,,,,,,,,,,,,
,,,engaged_session_event,,1,,,,,,,,,,,,,,,,,,,,,,,,,,,,,,,,,,,,,,,,,,,,,,,,,,,,,,,,,,,,,,,,,,,,,,,,,,,,,,,,,,,,,,,,
,,,page_title,Google Online Store,,,,,,,,,,,,,,,,,,,,,,,,,,,,,,,,,,,,,,,,,,,,,,,,,,,,,,,,,,,,,,,,,,,,,,,,,,,,,,,,,,,,,,,,,
20210118,1.61098E+15,session_start,ga_session_number,,1,,,,,5870747255,,,2384954.2187458442,,,No,,,,,,,1.61098E+15,0,USD,desktop,Microsoft,Edge,<Other>,,Windows,Windows 10,,,en-us,No,,Edge,87.0,Americas,Northern America,United States,Iowa,(not set),(not set),,,,,,<Other>,<Other>,<Other>,2100450278,WEB,,,,,,,,,,,,,,,,,,,,,,,,,,,,,,,,,,,,,,
,,,page_location,https://shop.googlemerchandisestore.com/Google+Redesign/Apparel,,,,,,,,,,,,,,,,,,,,,,,,,,,,,,,,,,,,,,,,,,,,,,,,,,,,,,,,,,,,,,,,,,,,,,,,,,,,,,,,,,,,,,,,,
,,,engaged_session_event,,1,,,,,,,,,,,,,,,,,,,,,,,,,,,,,,,,,,,,,,,,,,,,,,,,,,,,,,,,,,,,,,,,,,,,,,,,,,,,,,,,,,,,,,,,
,,,ga_session_id,,4533886078,,,,,,,,,,,,,,,,,,,,,,,,,,,,,,,,,,,,,,,,,,,,,,,,,,,,,,,,,,,,,,,,,,,,,,,,,,,,,,,,,,,,,,,,
,,,page_title,Apparel | Google Merchandise Store,,,,,,,,,,,,,,,,,,,,,,,,,,,,,,,,,,,,,,,,,,,,,,,,,,,,,,,,,,,,,,,,,,,,,,,,,,,,,,,,,,,,,,,,,
20210105,1.60988E+15,select_promotion,engagement_time_msec,,2,,,,,-5114053075,,,2510026.3452111382,,,No,,,,,,,1.60988E+15,0,USD,mobile,Samsung,<Other>,<Other>,,Web,<Other>,,,en-us,No,,<Other>,<Other>,Americas,Northern America,United States,Iowa,(not set),(not set),,,,,,referral,(referral),shop.googlemerchandisestore.com,2100450278,WEB,,,,,,,,,,,1,(not set),(not set),(not set),(not set),(not set),(not set),(not set),(not set),(not set),(not set),,,,,,,,(not set),(not set),(not set),(not set),(not set),Slide 4,(not set),Google Mural Collection,Front Page Carousel,(not set)
,,,page_location,https://shop.googlemerchandisestore.com/,,,,,,,,,,,,,,,,,,,,,,,,,,,,,,,,,,,,,,,,,,,,,,,,,,,,,,,,,,,,,,,,,,,,,,,,,,,,,,,,,,,,,,,,,
,,,debug_mode,,1,,,,,,,,,,,,,,,,,,,,,,,,,,,,,,,,,,,,,,,,,,,,,,,,,,,,,,,,,,,,,,,,,,,,,,,,,,,,,,,,,,,,,,,,
,,,session_engaged,1,,,,,,,,,,,,,,,,,,,,,,,,,,,,,,,,,,,,,,,,,,,,,,,,,,,,,,,,,,,,,,,,,,,,,,,,,,,,,,,,,,,,,,,,,
,,,engaged_session_event,,1,,,,,,,,,,,,,,,,,,,,,,,,,,,,,,,,,,,,,,,,,,,,,,,,,,,,,,,,,,,,,,,,,,,,,,,,,,,,,,,,,,,,,,,,
,,,ga_session_number,,1,,,,,,,,,,,,,,,,,,,,,,,,,,,,,,,,,,,,,,,,,,,,,,,,,,,,,,,,,,,,,,,,,,,,,,,,,,,,,,,,,,,,,,,,
,,,page_title,Home,,,,,,,,,,,,,,,,,,,,,,,,,,,,,,,,,,,,,,,,,,,,,,,,,,,,,,,,,,,,,,,,,,,,,,,,,,,,,,,,,,,,,,,,,
,,,ga_session_id,,9763169697,,,,,,,,,,,,,,,,,,,,,,,,,,,,,,,,,,,,,,,,,,,,,,,,,,,,,,,,,,,,,,,,,,,,,,,,,,,,,,,,,,,,,,,,
20210106,1.60993E+15,first_visit,engaged_session_event,,1,,,,,6782987357,,,2589768.4392532480,,,No,,,,,,,1.60993E+15,0,USD,desktop,Google,Chrome,<Other>,,Web,10,,,en-us,No,,Chrome,87.0,Americas,Northern America,United States,Iowa,Cedar Rapids,(not set),,,,,,<Other>,<Other>,<Other>,2100450278,WEB,,,,,,,,,,,,,,,,,,,,,,,,,,,,,,,,,,,,,,
,,,page_location,https://shop.googlemerchandisestore.com/Google+Redesign/Accessories/Google+See+no+hear+no+set,,,,,,,,,,,,,,,,,,,,,,,,,,,,,,,,,,,,,,,,,,,,,,,,,,,,,,,,,,,,,,,,,,,,,,,,,,,,,,,,,,,,,,,,,
,,,page_title,Google See-No Hear-No Set,,,,,,,,,,,,,,,,,,,,,,,,,,,,,,,,,,,,,,,,,,,,,,,,,,,,,,,,,,,,,,,,,,,,,,,,,,,,,,,,,,,,,,,,,
,,,ga_session_id,,1372810478,,,,,,,,,,,,,,,,,,,,,,,,,,,,,,,,,,,,,,,,,,,,,,,,,,,,,,,,,,,,,,,,,,,,,,,,,,,,,,,,,,,,,,,,
,,,session_engaged,,1,,,,,,,,,,,,,,,,,,,,,,,,,,,,,,,,,,,,,,,,,,,,,,,,,,,,,,,,,,,,,,,,,,,,,,,,,,,,,,,,,,,,,,,,
,,,ga_session_number,,1,,,,,,,,,,,,,,,,,,,,,,,,,,,,,,,,,,,,,,,,,,,,,,,,,,,,,,,,,,,,,,,,,,,,,,,,,,,,,,,,,,,,,,,,
,,,page_referrer,,,,,,,,,,,,,,,,,,,,,,,,,,,,,,,,,,,,,,,,,,,,,,,,,,,,,,,,,,,,,,,,,,,,,,,,,,,,,,,,,,,,,,,,,,
20210112,1.61043E+15,view_item,engagement_time_msec,,392,,,,,-4974109382,,,2889241.8381784138,,,No,,,,,,,1.61043E+15,0,USD,desktop,Apple,Safari,<Other>,,Web,Intel 10.15,,,en-us,No,,Chrome,86.0,Americas,Northern America,United States,Iowa,Des Moines,(not set),,,,,,referral,(referral),<Other>,2100450278,WEB,,,,,,,,,,,,(not set),,,,,,,,,,,,,,,,,,,,,,,,,,
,,,engaged_session_event,,1,,,,,,,,,,,,,,,,,,,,,,,,,,,,,,,,,,,,,,,,,,,,,,,,,,,,,,,,,,,,,,,,,,,,,,,,,,,,,,,,,,,,,,,,
,,,page_location,https://shop.googlemerchandisestore.com/Google+Redesign/Accessories/Android+Techie+3D+Framed+Art,,,,,,,,,,,,,,,,,,,,,,,,,,,,,,,,,,,,,,,,,,,,,,,,,,,,,,,,,,,,,,,,,,,,,,,,,,,,,,,,,,,,,,,,,
,,,ga_session_id,,5898277976,,,,,,,,,,,,,,,,,,,,,,,,,,,,,,,,,,,,,,,,,,,,,,,,,,,,,,,,,,,,,,,,,,,,,,,,,,,,,,,,,,,,,,,,
,,,session_engaged,1,,,,,,,,,,,,,,,,,,,,,,,,,,,,,,,,,,,,,,,,,,,,,,,,,,,,,,,,,,,,,,,,,,,,,,,,,,,,,,,,,,,,,,,,,
,,,ga_session_number,,1,,,,,,,,,,,,,,,,,,,,,,,,,,,,,,,,,,,,,,,,,,,,,,,,,,,,,,,,,,,,,,,,,,,,,,,,,,,,,,,,,,,,,,,,
,,,debug_mode,,1,,,,,,,,,,,,,,,,,,,,,,,,,,,,,,,,,,,,,,,,,,,,,,,,,,,,,,,,,,,,,,,,,,,,,,,,,,,,,,,,,,,,,,,,
,,,page_title,Android Techie 3D Framed Art,,,,,,,,,,,,,,,,,,,,,,,,,,,,,,,,,,,,,,,,,,,,,,,,,,,,,,,,,,,,,,,,,,,,,,,,,,,,,,,,,,,,,,,,,
20210112,1.61043E+15,first_visit,ga_session_number,,1,,,,,3875282035,,,2889241.8381784138,,,No,,,,,,,1.61043E+15,0,USD,desktop,Apple,Safari,<Other>,,Web,Intel 10.15,,,en-us,No,,Chrome,86.0,Americas,Northern America,United States,Iowa,Des Moines,(not set),,,,,,referral,(referral),<Other>,2100450278,WEB,,,,,,,,,,,,,,,,,,,,,,,,,,,,,,,,,,,,,,
,,,page_title,Android Iconic Notebook,,,,,,,,,,,,,,,,,,,,,,,,,,,,,,,,,,,,,,,,,,,,,,,,,,,,,,,,,,,,,,,,,,,,,,,,,,,,,,,,,,,,,,,,,
,,,ga_session_id,,5898277976,,,,,,,,,,,,,,,,,,,,,,,,,,,,,,,,,,,,,,,,,,,,,,,,,,,,,,,,,,,,,,,,,,,,,,,,,,,,,,,,,,,,,,,,
,,,engaged_session_event,,1,,,,,,,,,,,,,,,,,,,,,,,,,,,,,,,,,,,,,,,,,,,,,,,,,,,,,,,,,,,,,,,,,,,,,,,,,,,,,,,,,,,,,,,,
,,,session_engaged,,1,,,,,,,,,,,,,,,,,,,,,,,,,,,,,,,,,,,,,,,,,,,,,,,,,,,,,,,,,,,,,,,,,,,,,,,,,,,,,,,,,,,,,,,,
,,,page_location,https://shop.googlemerchandisestore.com/Google+Redesign/Office/Android+Iconic+Notebook,,,,,,,,,,,,,,,,,,,,,,,,,,,,,,,,,,,,,,,,,,,,,,,,,,,,,,,,,,,,,,,,,,,,,,,,,,,,,,,,,,,,,,,,,
20210112,1.61043E+15,view_item,page_title,Google Campus Bike Carry Pouch,,,,,,-9435026179,,,2889241.8381784138,,,No,,,,,,,1.61043E+15,0,USD,desktop,Apple,Safari,<Other>,,Web,Intel 10.15,,,en-us,No,,Chrome,86.0,Americas,Northern America,United States,Iowa,Des Moines,(not set),,,,,,referral,(referral),<Other>,2100450278,WEB,,,,,,,,,,,,(not set),,,,,,,,,,,,,,,,,,,,,,,,,,
,,,session_engaged,1,,,,,,,,,,,,,,,,,,,,,,,,,,,,,,,,,,,,,,,,,,,,,,,,,,,,,,,,,,,,,,,,,,,,,,,,,,,,,,,,,,,,,,,,,
,,,debug_mode,,1,,,,,,,,,,,,,,,,,,,,,,,,,,,,,,,,,,,,,,,,,,,,,,,,,,,,,,,,,,,,,,,,,,,,,,,,,,,,,,,,,,,,,,,,
,,,engagement_time_msec,,770,,,,,,,,,,,,,,,,,,,,,,,,,,,,,,,,,,,,,,,,,,,,,,,,,,,,,,,,,,,,,,,,,,,,,,,,,,,,,,,,,,,,,,,,
,,,page_location,https://shop.googlemerchandisestore.com/Google+Redesign/Bags/Google+Google+Campus+Bike+Carry+Pouch,,,,,,,,,,,,,,,,,,,,,,,,,,,,,,,,,,,,,,,,,,,,,,,,,,,,,,,,,,,,,,,,,,,,,,,,,,,,,,,,,,,,,,,,,
,,,ga_session_id,,5898277976,,,,,,,,,,,,,,,,,,,,,,,,,,,,,,,,,,,,,,,,,,,,,,,,,,,,,,,,,,,,,,,,,,,,,,,,,,,,,,,,,,,,,,,,
,,,ga_session_number,,1,,,,,,,,,,,,,,,,,,,,,,,,,,,,,,,,,,,,,,,,,,,,,,,,,,,,,,,,,,,,,,,,,,,,,,,,,,,,,,,,,,,,,,,,
,,,engaged_session_event,,1,,,,,,,,,,,,,,,,,,,,,,,,,,,,,,,,,,,,,,,,,,,,,,,,,,,,,,,,,,,,,,,,,,,,,,,,,,,,,,,,,,,,,,,,
20210112,1.61043E+15,page_view,session_engaged,1,,,,,,3306541317,,,2889241.8381784138,,,No,,,,,,,1.61043E+15,0,USD,desktop,Apple,Safari,<Other>,,Web,Intel 10.15,,,en-us,No,,Chrome,86.0,Americas,Northern America,United States,Iowa,Des Moines,(not set),,,,,,referral,(referral),<Other>,2100450278,WEB,,,,,,,,,,,,,,,,,,,,,,,,,,,,,,,,,,,,,,
,,,page_location,https://shop.googlemerchandisestore.com/Google+Redesign/Office/Google+Recycled+Writing+Set,,,,,,,,,,,,,,,,,,,,,,,,,,,,,,,,,,,,,,,,,,,,,,,,,,,,,,,,,,,,,,,,,,,,,,,,,,,,,,,,,,,,,,,,,
,,,all_data,,,,,,,,,,,,,,,,,,,,,,,,,,,,,,,,,,,,,,,,,,,,,,,,,,,,,,,,,,,,,,,,,,,,,,,,,,,,,,,,,,,,,,,,,,
,,,engaged_session_event,,1,,,,,,,,,,,,,,,,,,,,,,,,,,,,,,,,,,,,,,,,,,,,,,,,,,,,,,,,,,,,,,,,,,,,,,,,,,,,,,,,,,,,,,,,
,,,ga_session_id,,5898277976,,,,,,,,,,,,,,,,,,,,,,,,,,,,,,,,,,,,,,,,,,,,,,,,,,,,,,,,,,,,,,,,,,,,,,,,,,,,,,,,,,,,,,,,
,,,clean_event,gtm.js,,,,,,,,,,,,,,,,,,,,,,,,,,,,,,,,,,,,,,,,,,,,,,,,,,,,,,,,,,,,,,,,,,,,,,,,,,,,,,,,,,,,,,,,,
,,,ga_session_number,,1,,,,,,,,,,,,,,,,,,,,,,,,,,,,,,,,,,,,,,,,,,,,,,,,,,,,,,,,,,,,,,,,,,,,,,,,,,,,,,,,,,,,,,,,
,,,page_title,Google Recycled Writing Set,,,,,,,,,,,,,,,,,,,,,,,,,,,,,,,,,,,,,,,,,,,,,,,,,,,,,,,,,,,,,,,,,,,,,,,,,,,,,,,,,,,,,,,,,
,,,debug_mode,,1,,,,,,,,,,,,,,,,,,,,,,,,,,,,,,,,,,,,,,,,,,,,,,,,,,,,,,,,,,,,,,,,,,,,,,,,,,,,,,,,,,,,,,,,
20210125,1.6116E+15,view_promotion,page_title,Home,,,,,,-3952606910,,,3531543.0617254826,,,No,,,,,,,1.6116E+15,0,USD,mobile,Apple,iPhone,<Other>,,iOS,iOS 14.3,,,en-us,No,,Safari,14.0,Americas,Northern America,United States,Iowa,(not set),(not set),,,,,,organic,(organic),google,2100450278,WEB,,,,,,,,,,,1,(not set),(not set),(not set),(not set),(not set),(not set),(not set),(not set),(not set),(not set),,,,,,,,(not set),(not set),(not set),(not set),(not set),Slide 1,(not set),Reach New Heights,Front Page Carousel,(not set)
,,,ga_session_id,,3702926601,,,,,,,,,,,,,,,,,,,,,,,,,,,,,,,,,,,,,,,,,,,,,,,,,,,,,,,,,,,,,,,,,,,,,,,,,,,,,,,,,,,,,,,,
,,,session_engaged,1,,,,,,,,,,,,,,,,,,,,,,,,,,,,,,,,,,,,,,,,,,,,,,,,,,,,,,,,,,,,,,,,,,,,,,,,,,,,,,,,,,,,,,,,,
,,,debug_mode,,1,,,,,,,,,,,,,,,,,,,,,,,,,,,,,,,,,,,,,,,,,,,,,,,,,,,,,,,,,,,,,,,,,,,,,,,,,,,,,,,,,,,,,,,,
,,,page_location,https://shop.googlemerchandisestore.com/,,,,,,,,,,,,,,,,,,,,,,,,,,,,,,,,,,,,,,,,,,,,,,,,,,,,,,,,,,,,,,,,,,,,,,,,,,,,,,,,,,,,,,,,,
,,,page_referrer,,,,,,,,,,,,,,,,,,,,,,,,,,,,,,,,,,,,,,,,,,,,,,,,,,,,,,,,,,,,,,,,,,,,,,,,,,,,,,,,,,,,,,,,,,
,,,engaged_session_event,,1,,,,,,,,,,,,,,,,,,,,,,,,,,,,,,,,,,,,,,,,,,,,,,,,,,,,,,,,,,,,,,,,,,,,,,,,,,,,,,,,,,,,,,,,
,,,ga_session_number,,1,,,,,,,,,,,,,,,,,,,,,,,,,,,,,,,,,,,,,,,,,,,,,,,,,,,,,,,,,,,,,,,,,,,,,,,,,,,,,,,,,,,,,,,,
,,,engagement_time_msec,,83,,,,,,,,,,,,,,,,,,,,,,,,,,,,,,,,,,,,,,,,,,,,,,,,,,,,,,,,,,,,,,,,,,,,,,,,,,,,,,,,,,,,,,,,
20210118,1.61097E+15,view_promotion,engagement_time_msec,,196,,,,,-38960471,,,4011791.2269121926,,,No,,,,,,,1.61096E+15,0,USD,desktop,<Other>,<Other>,<Other>,,Windows,Windows 10,,,en-us,No,,Chrome,87.0,Americas,Northern America,United States,Iowa,Des Moines,(not set),,,,,,referral,(referral),<Other>,2100450278,WEB,,,,,,,,,,,1,(not set),(not set),(not set),(not set),(not set),(not set),(not set),(not set),(not set),(not set),,,,,,,,(not set),(not set),(not set),(not set),(not set),Slide 1,(not set),Reach New Heights,Front Page Carousel,(not set)
,,,ga_session_number,,2,,,,,,,,,,,,,,,,,,,,,,,,,,,,,,,,,,,,,,,,,,,,,,,,,,,,,,,,,,,,,,,,,,,,,,,,,,,,,,,,,,,,,,,,
,,,engaged_session_event,,1,,,,,,,,,,,,,,,,,,,,,,,,,,,,,,,,,,,,,,,,,,,,,,,,,,,,,,,,,,,,,,,,,,,,,,,,,,,,,,,,,,,,,,,,
,,,page_title,Home,,,,,,,,,,,,,,,,,,,,,,,,,,,,,,,,,,,,,,,,,,,,,,,,,,,,,,,,,,,,,,,,,,,,,,,,,,,,,,,,,,,,,,,,,
,,,session_engaged,1,,,,,,,,,,,,,,,,,,,,,,,,,,,,,,,,,,,,,,,,,,,,,,,,,,,,,,,,,,,,,,,,,,,,,,,,,,,,,,,,,,,,,,,,,
,,,page_referrer,,,,,,,,,,,,,,,,,,,,,,,,,,,,,,,,,,,,,,,,,,,,,,,,,,,,,,,,,,,,,,,,,,,,,,,,,,,,,,,,,,,,,,,,,,
,,,ga_session_id,,2175581168,,,,,,,,,,,,,,,,,,,,,,,,,,,,,,,,,,,,,,,,,,,,,,,,,,,,,,,,,,,,,,,,,,,,,,,,,,,,,,,,,,,,,,,,
,,,page_location,https://shop.googlemerchandisestore.com/,,,,,,,,,,,,,,,,,,,,,,,,,,,,,,,,,,,,,,,,,,,,,,,,,,,,,,,,,,,,,,,,,,,,,,,,,,,,,,,,,,,,,,,,,
,,,debug_mode,,1,,,,,,,,,,,,,,,,,,,,,,,,,,,,,,,,,,,,,,,,,,,,,,,,,,,,,,,,,,,,,,,,,,,,,,,,,,,,,,,,,,,,,,,,
20210103,1.60967E+15,page_view,page_location,https://shop.googlemerchandisestore.com/,,,,,,-6268452253,,,4239675.2206798191,,,No,,,,,,,1.60967E+15,0,USD,desktop,Google,Chrome,<Other>,,<Other>,<Other>,,,en-us,No,,Chrome,87.0,Americas,Northern America,United States,Iowa,(not set),(not set),,,,,,referral,(referral),<Other>,2100450278,WEB,,,,,,,,,,,,,,,,,,,,,,,,,,,,,,,,,,,,,,
,,,page_title,Home,,,,,,,,,,,,,,,,,,,,,,,,,,,,,,,,,,,,,,,,,,,,,,,,,,,,,,,,,,,,,,,,,,,,,,,,,,,,,,,,,,,,,,,,,
,,,session_engaged,1,,,,,,,,,,,,,,,,,,,,,,,,,,,,,,,,,,,,,,,,,,,,,,,,,,,,,,,,,,,,,,,,,,,,,,,,,,,,,,,,,,,,,,,,,
,,,clean_event,gtm.js,,,,,,,,,,,,,,,,,,,,,,,,,,,,,,,,,,,,,,,,,,,,,,,,,,,,,,,,,,,,,,,,,,,,,,,,,,,,,,,,,,,,,,,,,
,,,page_referrer,,,,,,,,,,,,,,,,,,,,,,,,,,,,,,,,,,,,,,,,,,,,,,,,,,,,,,,,,,,,,,,,,,,,,,,,,,,,,,,,,,,,,,,,,,
,,,engaged_session_event,,1,,,,,,,,,,,,,,,,,,,,,,,,,,,,,,,,,,,,,,,,,,,,,,,,,,,,,,,,,,,,,,,,,,,,,,,,,,,,,,,,,,,,,,,,
,,,ga_session_id,,77729219,,,,,,,,,,,,,,,,,,,,,,,,,,,,,,,,,,,,,,,,,,,,,,,,,,,,,,,,,,,,,,,,,,,,,,,,,,,,,,,,,,,,,,,,
,,,ga_session_number,,1,,,,,,,,,,,,,,,,,,,,,,,,,,,,,,,,,,,,,,,,,,,,,,,,,,,,,,,,,,,,,,,,,,,,,,,,,,,,,,,,,,,,,,,,
,,,all_data,,,,,,,,,,,,,,,,,,,,,,,,,,,,,,,,,,,,,,,,,,,,,,,,,,,,,,,,,,,,,,,,,,,,,,,,,,,,,,,,,,,,,,,,,,
,,,debug_mode,,1,,,,,,,,,,,,,,,,,,,,,,,,,,,,,,,,,,,,,,,,,,,,,,,,,,,,,,,,,,,,,,,,,,,,,,,,,,,,,,,,,,,,,,,,
20210122,1.61134E+15,session_start,engaged_session_event,,1,,,,,5822567921,,,5188370.3827809062,,,No,,,,,,,1.61134E+15,0,USD,desktop,Apple,Safari,<Other>,,Web,Intel 10.15,,,en-us,No,,Chrome,86.0,Americas,Northern America,United States,Iowa,(not set),(not set),,,,,,<Other>,<Other>,<Other>,2100450278,WEB,,,,,,,,,,,,,,,,,,,,,,,,,,,,,,,,,,,,,,
,,,ga_session_number,,1,,,,,,,,,,,,,,,,,,,,,,,,,,,,,,,,,,,,,,,,,,,,,,,,,,,,,,,,,,,,,,,,,,,,,,,,,,,,,,,,,,,,,,,,
,,,ga_session_id,,9674589155,,,,,,,,,,,,,,,,,,,,,,,,,,,,,,,,,,,,,,,,,,,,,,,,,,,,,,,,,,,,,,,,,,,,,,,,,,,,,,,,,,,,,,,,
,,,page_location,https://shop.googlemerchandisestore.com/Google+Redesign/Apparel,,,,,,,,,,,,,,,,,,,,,,,,,,,,,,,,,,,,,,,,,,,,,,,,,,,,,,,,,,,,,,,,,,,,,,,,,,,,,,,,,,,,,,,,,
,,,page_title,Apparel | Google Merchandise Store,,,,,,,,,,,,,,,,,,,,,,,,,,,,,,,,,,,,,,,,,,,,,,,,,,,,,,,,,,,,,,,,,,,,,,,,,,,,,,,,,,,,,,,,,
,,,page_referrer,,,,,,,,,,,,,,,,,,,,,,,,,,,,,,,,,,,,,,,,,,,,,,,,,,,,,,,,,,,,,,,,,,,,,,,,,,,,,,,,,,,,,,,,,,
20210102,1.6096E+15,user_engagement,debug_mode,,1,,,,,-895549809,,,5428986.9891791071,,,No,,,,,,,1.6096E+15,0,USD,mobile,Google,<Other>,<Other>,,Web,<Other>,,,,No,,Chrome,86.0,Americas,Northern America,United States,Iowa,(not set),(not set),,,,,,organic,(organic),google,2100450278,WEB,,,,,,,,,,,,,,,,,,,,,,,,,,,,,,,,,,,,,,
,,,page_referrer,,,,,,,,,,,,,,,,,,,,,,,,,,,,,,,,,,,,,,,,,,,,,,,,,,,,,,,,,,,,,,,,,,,,,,,,,,,,,,,,,,,,,,,,,,
,,,session_engaged,1,,,,,,,,,,,,,,,,,,,,,,,,,,,,,,,,,,,,,,,,,,,,,,,,,,,,,,,,,,,,,,,,,,,,,,,,,,,,,,,,,,,,,,,,,
,,,ga_session_number,,1,,,,,,,,,,,,,,,,,,,,,,,,,,,,,,,,,,,,,,,,,,,,,,,,,,,,,,,,,,,,,,,,,,,,,,,,,,,,,,,,,,,,,,,,
,,,engagement_time_msec,,3421,,,,,,,,,,,,,,,,,,,,,,,,,,,,,,,,,,,,,,,,,,,,,,,,,,,,,,,,,,,,,,,,,,,,,,,,,,,,,,,,,,,,,,,,
,,,ga_session_id,,3704594243,,,,,,,,,,,,,,,,,,,,,,,,,,,,,,,,,,,,,,,,,,,,,,,,,,,,,,,,,,,,,,,,,,,,,,,,,,,,,,,,,,,,,,,,
,,,page_title,Google Dino Game Tee,,,,,,,,,,,,,,,,,,,,,,,,,,,,,,,,,,,,,,,,,,,,,,,,,,,,,,,,,,,,,,,,,,,,,,,,,,,,,,,,,,,,,,,,,
,,,page_location,https://shop.googlemerchandisestore.com/Google+Redesign/Apparel/Google+Dino+Game+Tee,,,,,,,,,,,,,,,,,,,,,,,,,,,,,,,,,,,,,,,,,,,,,,,,,,,,,,,,,,,,,,,,,,,,,,,,,,,,,,,,,,,,,,,,,
,,,engaged_session_event,,1,,,,,,,,,,,,,,,,,,,,,,,,,,,,,,,,,,,,,,,,,,,,,,,,,,,,,,,,,,,,,,,,,,,,,,,,,,,,,,,,,,,,,,,,
20210106,1.6099E+15,page_view,page_title,Home,,,,,,-6171734046,,,5612330.6892775676,,,No,,,,,,,1.6099E+15,0,USD,desktop,Microsoft,Edge,<Other>,,Web,10,,,en-ca,No,,Edge,87.0,Americas,Northern America,United States,Iowa,Cedar Rapids,(not set),,,,,,cpc,<Other>,google,2100450278,WEB,,,,,,,,,,,,,,,,,,,,,,,,,,,,,,,,,,,,,,
,,,debug_mode,,1,,,,,,,,,,,,,,,,,,,,,,,,,,,,,,,,,,,,,,,,,,,,,,,,,,,,,,,,,,,,,,,,,,,,,,,,,,,,,,,,,,,,,,,,
,,,engaged_session_event,,1,,,,,,,,,,,,,,,,,,,,,,,,,,,,,,,,,,,,,,,,,,,,,,,,,,,,,,,,,,,,,,,,,,,,,,,,,,,,,,,,,,,,,,,,
,,,engagement_time_msec,,12,,,,,,,,,,,,,,,,,,,,,,,,,,,,,,,,,,,,,,,,,,,,,,,,,,,,,,,,,,,,,,,,,,,,,,,,,,,,,,,,,,,,,,,,
,,,page_location,https://shop.googlemerchandisestore.com/,,,,,,,,,,,,,,,,,,,,,,,,,,,,,,,,,,,,,,,,,,,,,,,,,,,,,,,,,,,,,,,,,,,,,,,,,,,,,,,,,,,,,,,,,
,,,ga_session_number,,1,,,,,,,,,,,,,,,,,,,,,,,,,,,,,,,,,,,,,,,,,,,,,,,,,,,,,,,,,,,,,,,,,,,,,,,,,,,,,,,,,,,,,,,,
,,,ga_session_id,,5060149289,,,,,,,,,,,,,,,,,,,,,,,,,,,,,,,,,,,,,,,,,,,,,,,,,,,,,,,,,,,,,,,,,,,,,,,,,,,,,,,,,,,,,,,,
,,,session_engaged,1,,,,,,,,,,,,,,,,,,,,,,,,,,,,,,,,,,,,,,,,,,,,,,,,,,,,,,,,,,,,,,,,,,,,,,,,,,,,,,,,,,,,,,,,,
20210116,1.6108E+15,page_view,entrances,,1,,,,,3693075657,,,5733492.1162391249,,,No,,,,,,,1.6108E+15,0,USD,mobile,<Other>,<Other>,<Other>,,Android,Android 10,,,,No,,Chrome,<Other>,Americas,Northern America,United States,Iowa,(not set),(not set),,,,,,(none),(direct),(direct),2100450278,WEB,,,,,,,,,,,,,,,,,,,,,,,,,,,,,,,,,,,,,,
,,,clean_event,gtm.js,,,,,,,,,,,,,,,,,,,,,,,,,,,,,,,,,,,,,,,,,,,,,,,,,,,,,,,,,,,,,,,,,,,,,,,,,,,,,,,,,,,,,,,,,
,,,gclid,,,,,,,,,,,,,,,,,,,,,,,,,,,,,,,,,,,,,,,,,,,,,,,,,,,,,,,,,,,,,,,,,,,,,,,,,,,,,,,,,,,,,,,,,,
,,,page_title,Home,,,,,,,,,,,,,,,,,,,,,,,,,,,,,,,,,,,,,,,,,,,,,,,,,,,,,,,,,,,,,,,,,,,,,,,,,,,,,,,,,,,,,,,,,
,,,debug_mode,,1,,,,,,,,,,,,,,,,,,,,,,,,,,,,,,,,,,,,,,,,,,,,,,,,,,,,,,,,,,,,,,,,,,,,,,,,,,,,,,,,,,,,,,,,
,,,all_data,,,,,,,,,,,,,,,,,,,,,,,,,,,,,,,,,,,,,,,,,,,,,,,,,,,,,,,,,,,,,,,,,,,,,,,,,,,,,,,,,,,,,,,,,,
,,,ga_session_number,,1,,,,,,,,,,,,,,,,,,,,,,,,,,,,,,,,,,,,,,,,,,,,,,,,,,,,,,,,,,,,,,,,,,,,,,,,,,,,,,,,,,,,,,,,
,,,ga_session_id,,6478020992,,,,,,,,,,,,,,,,,,,,,,,,,,,,,,,,,,,,,,,,,,,,,,,,,,,,,,,,,,,,,,,,,,,,,,,,,,,,,,,,,,,,,,,,
,,,gclsrc,,,,,,,,,,,,,,,,,,,,,,,,,,,,,,,,,,,,,,,,,,,,,,,,,,,,,,,,,,,,,,,,,,,,,,,,,,,,,,,,,,,,,,,,,,
,,,engaged_session_event,,1,,,,,,,,,,,,,,,,,,,,,,,,,,,,,,,,,,,,,,,,,,,,,,,,,,,,,,,,,,,,,,,,,,,,,,,,,,,,,,,,,,,,,,,,
,,,page_location,https://shop.googlemerchandisestore.com/store.html,,,,,,,,,,,,,,,,,,,,,,,,,,,,,,,,,,,,,,,,,,,,,,,,,,,,,,,,,,,,,,,,,,,,,,,,,,,,,,,,,,,,,,,,,
,,,session_engaged,0,,,,,,,,,,,,,,,,,,,,,,,,,,,,,,,,,,,,,,,,,,,,,,,,,,,,,,,,,,,,,,,,,,,,,,,,,,,,,,,,,,,,,,,,,
20210120,1.61114E+15,user_engagement,campaign,(direct),,,,,,8778019628,,,5971348.0170877717,,,No,,,,,,,1.61114E+15,0,USD,mobile,Google,<Other>,<Other>,,Web,<Other>,,,en-us,No,,Chrome,87.0,Americas,Northern America,United States,Iowa,(not set),(not set),,,,,,(none),(direct),(direct),2100450278,WEB,,,,,,,,,,,,,,,,,,,,,,,,,,,,,,,,,,,,,,
,,,session_engaged,1,,,,,,,,,,,,,,,,,,,,,,,,,,,,,,,,,,,,,,,,,,,,,,,,,,,,,,,,,,,,,,,,,,,,,,,,,,,,,,,,,,,,,,,,,
,,,medium,(none),,,,,,,,,,,,,,,,,,,,,,,,,,,,,,,,,,,,,,,,,,,,,,,,,,,,,,,,,,,,,,,,,,,,,,,,,,,,,,,,,,,,,,,,,
,,,debug_mode,,1,,,,,,,,,,,,,,,,,,,,,,,,,,,,,,,,,,,,,,,,,,,,,,,,,,,,,,,,,,,,,,,,,,,,,,,,,,,,,,,,,,,,,,,,
,,,engaged_session_event,,1,,,,,,,,,,,,,,,,,,,,,,,,,,,,,,,,,,,,,,,,,,,,,,,,,,,,,,,,,,,,,,,,,,,,,,,,,,,,,,,,,,,,,,,,